ScientificName,CommonName,Species,Week,Treatment_temp,Treatment_water,Dead_Count,PercentDead,Porometer_Est,Temperature_C,LeafSensor_PercentRH,FilterSensor_PercentRH
Pinus edulis,Pinyon Pine,PIED,1,Ambient,Drought,0,0,125.11,26.09,34.23,15.38
Pinus edulis,Pinyon Pine,PIED,1,Ambient,Watered,0,0,121.833333333333,25.9666666666667,34.3666666666667,15.1666666666667
Pinus edulis,Pinyon Pine,PIED,1,Ambient_HW,Drought,0,0,154.34,26.14,37.96,16.97
Pinus edulis,Pinyon Pine,PIED,1,Ambient_HW,Watered,0,0,101.466666666667,26.1333333333333,31.6333333333333,13.9666666666667
Pinus edulis,Pinyon Pine,PIED,2,Ambient,Drought,0,0,176.81,24.86,44.45,20.42
Pinus edulis,Pinyon Pine,PIED,2,Ambient,Watered,0,0,250.6,24.9666666666667,50.2,23.3333333333333
Pinus edulis,Pinyon Pine,PIED,2,Ambient_HW,Drought,0,0,221.43,24.9,48.35,22.28
Pinus edulis,Pinyon Pine,PIED,2,Ambient_HW,Watered,0,0,247.9,24.9333333333333,49.1333333333333,22.5666666666667
Pinus edulis,Pinyon Pine,PIED,3,Ambient,Drought,0,0,165.99,25.47,39.46,17.69
Pinus edulis,Pinyon Pine,PIED,3,Ambient,Watered,0,0,262.433333333333,25.7666666666667,48.1333333333333,21.9
Pinus edulis,Pinyon Pine,PIED,3,Ambient_HW,Drought,0,0,247.28,24.76,46.3,20.71
Pinus edulis,Pinyon Pine,PIED,3,Ambient_HW,Watered,0,0,160.066666666667,25.5666666666667,38.5666666666667,17.3666666666667
Pinus edulis,Pinyon Pine,PIED,4,Ambient,Drought,0,0,255.63,25.49,46.8,21.53
Pinus edulis,Pinyon Pine,PIED,4,Ambient_HW,Drought,0,0,226.49,25.45,44.22,20.28
Pinus edulis,Pinyon Pine,PIED,5,Ambient,Drought,0,0,124.37,24.27,33.07,14.26
Pinus edulis,Pinyon Pine,PIED,5,Ambient,Watered,0,0,208.866666666667,24.2,41.2333333333333,17.3666666666667
Pinus edulis,Pinyon Pine,PIED,5,Ambient_HW,Drought,0,0,194.23,24,40.14,17.82
Pinus edulis,Pinyon Pine,PIED,5,Ambient_HW,Watered,0,0,198.266666666667,23.9333333333333,41.9333333333333,18.4
Pinus edulis,Pinyon Pine,PIED,6,Ambient,Drought,0,0,80.28,23.83,25.47,11.2
Pinus edulis,Pinyon Pine,PIED,6,Ambient,Watered,0,0,115.166666666667,23.7666666666667,31.2666666666667,13.9
Pinus edulis,Pinyon Pine,PIED,6,Ambient_HW,Drought,0,0,100.41,23.78,29.04,12.79
Pinus edulis,Pinyon Pine,PIED,6,Ambient_HW,Watered,0,0,98.6333333333333,23.6,28.7666666666667,12.7
Pinus edulis,Pinyon Pine,PIED,7,Ambient,Drought,0,0,108.65,24.8,27.64,12.14
Pinus edulis,Pinyon Pine,PIED,7,Ambient,Watered,0,0,149.933333333333,24.6333333333333,32.5,14.7
Pinus edulis,Pinyon Pine,PIED,7,Ambient_HW,Drought,0,0,111.1,24.56,27.46,12.33
Pinus edulis,Pinyon Pine,PIED,7,Ambient_HW,Watered,0,0,110.2,24.7,28,12.3666666666667
Pinus edulis,Pinyon Pine,PIED,8,Ambient,Drought,0,0,93.02,23.09,23.54,10.12
Pinus edulis,Pinyon Pine,PIED,8,Ambient,Watered,0,0,119.133333333333,22.8,27.5,11.8333333333333
Pinus edulis,Pinyon Pine,PIED,8,Ambient_HW,Drought,0,0,59.48,23.29,17.84,7.44
Pinus edulis,Pinyon Pine,PIED,8,Ambient_HW,Watered,0,0,123.533333333333,23.1333333333333,29.6,13.2
Pinus edulis,Pinyon Pine,PIED,9,Ambient,Drought,0,0,57.27,25.81,17.94,6.79
Pinus edulis,Pinyon Pine,PIED,9,Ambient,Watered,0,0,135.166666666667,25.2333333333333,29.3666666666667,11.4333333333333
Pinus edulis,Pinyon Pine,PIED,9,Ambient_HW,Drought,0,0,53.68,25.21,17.12,6.32
Pinus edulis,Pinyon Pine,PIED,9,Ambient_HW,Watered,0,0,98.2333333333333,24.9333333333333,25.8,9.93333333333333
Pinus edulis,Pinyon Pine,PIED,10,Ambient,Drought,0,0,62.92,23.52,17.06,6.9
Pinus edulis,Pinyon Pine,PIED,10,Ambient,Watered,0,0,143.033333333333,23.3333333333333,29.5,12.7
Pinus edulis,Pinyon Pine,PIED,10,Ambient_HW,Drought,0,0,64.33,22.87,17.56,7.11
Pinus edulis,Pinyon Pine,PIED,10,Ambient_HW,Watered,0,0,145.066666666667,22.4,29.1333333333333,12.4666666666667
Pinus edulis,Pinyon Pine,PIED,11,Ambient,Drought,0,0,60.54,23.16,16.51,6.63
Pinus edulis,Pinyon Pine,PIED,11,Ambient,Watered,0,0,221.366666666667,22.9333333333333,35.0666666666667,15.0333333333333
Pinus edulis,Pinyon Pine,PIED,11,Ambient_HW,Drought,0,0,65.38,22.55,18.1,7.62
Pinus edulis,Pinyon Pine,PIED,11,Ambient_HW,Watered,0,0,157.466666666667,22.1,31.0333333333333,13.5
Pinus edulis,Pinyon Pine,PIED,12,Ambient,Drought,1,5,63.77,21.83,17.88,7.51
Pinus edulis,Pinyon Pine,PIED,12,Ambient,Watered,0,0,106.9,21.5,25,10.8
Pinus edulis,Pinyon Pine,PIED,12,Ambient_HW,Drought,3,15,61,21.74,17.16,7.1
Pinus edulis,Pinyon Pine,PIED,12,Ambient_HW,Watered,0,0,197.9,21.9,35.9,15.6
Pinus edulis,Pinyon Pine,PIED,13,Ambient,Drought,1,5,53.79,21.01,15.22,5.97
Pinus edulis,Pinyon Pine,PIED,13,Ambient,Watered,0,0,172.166666666667,21.3333333333333,33.0666666666667,14.1
Pinus edulis,Pinyon Pine,PIED,13,Ambient_HW,Drought,5,25,52.1,21.26,14.76,5.73
Pinus edulis,Pinyon Pine,PIED,13,Ambient_HW,Watered,0,0,178.066666666667,21.3666666666667,33.1,13.9666666666667
Pinus edulis,Pinyon Pine,PIED,14,Ambient,Drought,4,20,60.67,22.67,17.05,7.03
Pinus edulis,Pinyon Pine,PIED,14,Ambient,Watered,0,0,123.9,22.4,26.0666666666667,11.1666666666667
Pinus edulis,Pinyon Pine,PIED,14,Ambient_HW,Drought,6,30,69.81,22.79,19.25,8.21
Pinus edulis,Pinyon Pine,PIED,14,Ambient_HW,Watered,0,0,172.233333333333,22.6,32.0666666666667,13.8333333333333
Pinus edulis,Pinyon Pine,PIED,15,Ambient,Drought,8,40,58.2,NA,NA,NA
Pinus edulis,Pinyon Pine,PIED,15,Ambient,Watered,0,0,157.533333333333,21.9333333333333,32.3333333333333,13.4666666666667
Pinus edulis,Pinyon Pine,PIED,15,Ambient_HW,Drought,7,35,42.28,NA,NA,NA
Pinus edulis,Pinyon Pine,PIED,15,Ambient_HW,Watered,0,0,148.3,21.9333333333333,31.0666666666667,12.9
Pinus edulis,Pinyon Pine,PIED,16,Ambient,Drought,8,40,55.06,NA,NA,NA
Pinus edulis,Pinyon Pine,PIED,16,Ambient,Watered,0,0,94.8,19.8666666666667,21.5666666666667,8.8
Pinus edulis,Pinyon Pine,PIED,16,Ambient_HW,Drought,8,40,33.03,NA,NA,NA
Pinus edulis,Pinyon Pine,PIED,16,Ambient_HW,Watered,0,0,88.8333333333333,20.4,22.5,9.46666666666667
Pinus edulis,Pinyon Pine,PIED,17,Ambient,Drought,9,45,42.86,NA,NA,NA
Pinus edulis,Pinyon Pine,PIED,17,Ambient,Watered,0,0,139.633333333333,19.1666666666667,30.0333333333333,12.9
Pinus edulis,Pinyon Pine,PIED,17,Ambient_HW,Drought,10,50,38.67,NA,NA,NA
Pinus edulis,Pinyon Pine,PIED,17,Ambient_HW,Watered,0,0,147.8,18.9333333333333,31.3,13.2333333333333
Pinus edulis,Pinyon Pine,PIED,18,Ambient,Drought,10,50,13.14,NA,NA,NA
Pinus edulis,Pinyon Pine,PIED,18,Ambient,Watered,0,0,50.3333333333333,21.6,14.1,5.26666666666667
Pinus edulis,Pinyon Pine,PIED,18,Ambient_HW,Drought,10,50,5.4,NA,NA,NA
Pinus edulis,Pinyon Pine,PIED,18,Ambient_HW,Watered,0,0,58.8666666666667,21.4,16.0333333333333,6.16666666666667
Pinus edulis,Pinyon Pine,PIED,19,Ambient,Drought,10,50,0,NA,NA,NA
Pinus edulis,Pinyon Pine,PIED,19,Ambient_HW,Drought,10,50,0,NA,NA,NA
Pinus edulis,Pinyon Pine,PIED,20,Ambient,Drought,10,50,0,NA,NA,NA
Pinus edulis,Pinyon Pine,PIED,20,Ambient_HW,Drought,10,50,0,NA,NA,NA
Pinus edulis,Pinyon Pine,PIED,21,Ambient,Drought,10,50,0,NA,NA,NA
Pinus edulis,Pinyon Pine,PIED,21,Ambient,Watered,0,0,201.333333333333,19.3666666666667,34.1,14.4
Pinus edulis,Pinyon Pine,PIED,21,Ambient_HW,Drought,10,50,0,NA,NA,NA
Pinus edulis,Pinyon Pine,PIED,21,Ambient_HW,Watered,0,0,118.033333333333,19.6666666666667,28.1,11.7666666666667
Pinus edulis,Pinyon Pine,PIED,22,Ambient,Drought,10,50,0,NA,NA,NA
Pinus edulis,Pinyon Pine,PIED,22,Ambient_HW,Drought,10,50,0,NA,NA,NA
Picea engelmannii,Engelman Spruce,PIEN,1,Ambient,Drought,0,0,218.27,23.66,42,18.8
Picea engelmannii,Engelman Spruce,PIEN,1,Ambient,Watered,0,0,152.6,23.6,36.4666666666667,16.2666666666667
Picea engelmannii,Engelman Spruce,PIEN,1,Ambient_HW,Drought,0,0,218.15,23.44,42.06,18.82
Picea engelmannii,Engelman Spruce,PIEN,1,Ambient_HW,Watered,0,0,236.566666666667,23.1333333333333,43.7666666666667,19.3666666666667
Picea engelmannii,Engelman Spruce,PIEN,2,Ambient,Drought,0,0,207.34,25.15,40.51,18.84
Picea engelmannii,Engelman Spruce,PIEN,2,Ambient,Watered,0,0,175.233333333333,25,38,17.9
Picea engelmannii,Engelman Spruce,PIEN,2,Ambient_HW,Drought,0,0,210.75,25,40.56,18.95
Picea engelmannii,Engelman Spruce,PIEN,2,Ambient_HW,Watered,0,0,233.566666666667,25.0333333333333,42.8666666666667,19.9666666666667
Picea engelmannii,Engelman Spruce,PIEN,3,Ambient,Drought,0,0,115.23,21.13,27.89,12.15
Picea engelmannii,Engelman Spruce,PIEN,3,Ambient,Watered,0,0,110.1,21.2,27.9666666666667,12.3
Picea engelmannii,Engelman Spruce,PIEN,3,Ambient_HW,Drought,0,0,145.53,20.96,32.08,14.02
Picea engelmannii,Engelman Spruce,PIEN,3,Ambient_HW,Watered,0,0,138.066666666667,20.9333333333333,31.3333333333333,13.5333333333333
Picea engelmannii,Engelman Spruce,PIEN,4,Ambient,Drought,0,0,132.68,25.21,31.34,12.79
Picea engelmannii,Engelman Spruce,PIEN,4,Ambient,Watered,0,0,91.0333333333333,25.2,25.8666666666667,10.7
Picea engelmannii,Engelman Spruce,PIEN,4,Ambient_HW,Drought,0,0,116.04,25.69,28.99,11.73
Picea engelmannii,Engelman Spruce,PIEN,4,Ambient_HW,Watered,0,0,119.033333333333,25.8333333333333,29,11.6333333333333
Picea engelmannii,Engelman Spruce,PIEN,5,Ambient,Drought,0,0,136.63,22.44,28.31,11.89
Picea engelmannii,Engelman Spruce,PIEN,5,Ambient,Watered,0,0,95.8,21.7666666666667,23.4333333333333,9.76666666666667
Picea engelmannii,Engelman Spruce,PIEN,5,Ambient_HW,Drought,0,0,127.19,22.48,28.16,11.98
Picea engelmannii,Engelman Spruce,PIEN,5,Ambient_HW,Watered,0,0,110.433333333333,22.1,25.8333333333333,10.9333333333333
Picea engelmannii,Engelman Spruce,PIEN,6,Ambient,Drought,0,0,101.43,22.84,25.28,11.35
Picea engelmannii,Engelman Spruce,PIEN,6,Ambient,Watered,0,0,84.2333333333333,22.8,22.0666666666667,9.73333333333333
Picea engelmannii,Engelman Spruce,PIEN,6,Ambient_HW,Drought,0,0,106.64,23.17,26.04,11.67
Picea engelmannii,Engelman Spruce,PIEN,6,Ambient_HW,Watered,0,0,94.3,23.1333333333333,24.2333333333333,10.9666666666667
Picea engelmannii,Engelman Spruce,PIEN,7,Ambient,Drought,0,0,98.05,NA,NA,NA
Picea engelmannii,Engelman Spruce,PIEN,7,Ambient,Watered,0,0,85.6666666666667,21.2333333333333,26.1,14
Picea engelmannii,Engelman Spruce,PIEN,7,Ambient_HW,Drought,0,0,100.48,21.31,27.75,14.34
Picea engelmannii,Engelman Spruce,PIEN,7,Ambient_HW,Watered,0,0,96.4,21.1333333333333,26.6333333333333,13.5
Picea engelmannii,Engelman Spruce,PIEN,8,Ambient,Drought,0,0,105.77,22.33,25.54,11.21
Picea engelmannii,Engelman Spruce,PIEN,8,Ambient,Watered,0,0,99.6,21.5666666666667,24.9666666666667,11.0666666666667
Picea engelmannii,Engelman Spruce,PIEN,8,Ambient_HW,Drought,0,0,106.07,20.98,25.65,11.21
Picea engelmannii,Engelman Spruce,PIEN,8,Ambient_HW,Watered,0,0,91.5,20.5333333333333,23.5,10.2666666666667
Picea engelmannii,Engelman Spruce,PIEN,9,Ambient,Drought,0,0,120.26,21.71,27.77,12.19
Picea engelmannii,Engelman Spruce,PIEN,9,Ambient,Watered,0,0,120.766666666667,21.8,27.7666666666667,12.1
Picea engelmannii,Engelman Spruce,PIEN,9,Ambient_HW,Drought,0,0,159.14,21.87,32.46,14.29
Picea engelmannii,Engelman Spruce,PIEN,9,Ambient_HW,Watered,0,0,128.733333333333,21.5333333333333,28.9333333333333,12.7
Picea engelmannii,Engelman Spruce,PIEN,10,Ambient,Drought,0,0,94.33,22.56,24.38,10.5
Picea engelmannii,Engelman Spruce,PIEN,10,Ambient,Watered,0,0,95.4333333333333,21.9333333333333,24.7333333333333,10.7333333333333
Picea engelmannii,Engelman Spruce,PIEN,10,Ambient_HW,Drought,0,0,125.06,22.86,28.86,12.44
Picea engelmannii,Engelman Spruce,PIEN,10,Ambient_HW,Watered,0,0,112.866666666667,22.8,27.1333333333333,11.6666666666667
Picea engelmannii,Engelman Spruce,PIEN,11,Ambient,Drought,0,0,104.53,19.71,24.91,10.53
Picea engelmannii,Engelman Spruce,PIEN,11,Ambient,Watered,0,0,105.566666666667,20.3,25.0666666666667,10.4666666666667
Picea engelmannii,Engelman Spruce,PIEN,11,Ambient_HW,Drought,0,0,102.96,19.16,24.19,10.19
Picea engelmannii,Engelman Spruce,PIEN,11,Ambient_HW,Watered,0,0,98.1,19.3333333333333,23.6666666666667,9.96666666666667
Picea engelmannii,Engelman Spruce,PIEN,12,Ambient,Drought,0,0,118.63,18.3,27.09,11.51
Picea engelmannii,Engelman Spruce,PIEN,12,Ambient,Watered,0,0,90.7333333333333,18.1333333333333,22.9,9.53333333333333
Picea engelmannii,Engelman Spruce,PIEN,12,Ambient_HW,Drought,0,0,124.8,18.04,28,11.79
Picea engelmannii,Engelman Spruce,PIEN,12,Ambient_HW,Watered,0,0,142.066666666667,18.4666666666667,30.5666666666667,13
Picea engelmannii,Engelman Spruce,PIEN,13,Ambient,Drought,0,0,63.9,21.92,17.64,7.21
Picea engelmannii,Engelman Spruce,PIEN,13,Ambient,Watered,0,0,65.5,21.8333333333333,17.8,7.23333333333333
Picea engelmannii,Engelman Spruce,PIEN,13,Ambient_HW,Drought,0,0,64.99,21.97,17.73,7.27
Picea engelmannii,Engelman Spruce,PIEN,13,Ambient_HW,Watered,0,0,75.8666666666667,22,19.8666666666667,8.26666666666667
Picea engelmannii,Engelman Spruce,PIEN,16,Ambient,Drought,0,0,28.44,20.62,17.48,8.18
Picea engelmannii,Engelman Spruce,PIEN,16,Ambient,Watered,0,0,46.3333333333333,20.6666666666667,24.1666666666667,11.1333333333333
Picea engelmannii,Engelman Spruce,PIEN,16,Ambient_HW,Drought,0,0,27.92,20.6,17.11,7.96
Picea engelmannii,Engelman Spruce,PIEN,16,Ambient_HW,Watered,0,0,43.5333333333333,20.5666666666667,23.2,10.8
Picea engelmannii,Engelman Spruce,PIEN,17,Ambient,Drought,0,0,75.17,20.41,22.87,9.95
Picea engelmannii,Engelman Spruce,PIEN,17,Ambient,Watered,0,0,83.7,20.7333333333333,25,11
Picea engelmannii,Engelman Spruce,PIEN,17,Ambient_HW,Drought,0,0,64.18,20.37,20.62,8.86
Picea engelmannii,Engelman Spruce,PIEN,17,Ambient_HW,Watered,0,0,79.1666666666667,20.3,24.0333333333333,10.5666666666667
Picea engelmannii,Engelman Spruce,PIEN,18,Ambient,Drought,3,15,50.4,19.47,15.58,6.52
Picea engelmannii,Engelman Spruce,PIEN,18,Ambient,Watered,0,0,86.7666666666667,19.3333333333333,23.6,10.4666666666667
Picea engelmannii,Engelman Spruce,PIEN,18,Ambient_HW,Drought,3,15,47.42,19.42,14.89,6.25
Picea engelmannii,Engelman Spruce,PIEN,18,Ambient_HW,Watered,0,0,69.1666666666667,19.5,20.0666666666667,8.73333333333333
Picea engelmannii,Engelman Spruce,PIEN,19,Ambient,Drought,5,25,18.25,NA,NA,NA
Picea engelmannii,Engelman Spruce,PIEN,19,Ambient,Watered,0,0,31.1,17.5,16.5666666666667,7.46666666666667
Picea engelmannii,Engelman Spruce,PIEN,19,Ambient_HW,Drought,4,20,16.18,NA,NA,NA
Picea engelmannii,Engelman Spruce,PIEN,19,Ambient_HW,Watered,0,0,43.1333333333333,17.5,21,9.56666666666667
Picea engelmannii,Engelman Spruce,PIEN,20,Ambient,Drought,7,35,19.65,NA,NA,NA
Picea engelmannii,Engelman Spruce,PIEN,20,Ambient,Watered,0,0,44.6,19.7333333333333,21.9,11
Picea engelmannii,Engelman Spruce,PIEN,20,Ambient_HW,Drought,9,45,14.75,NA,NA,NA
Picea engelmannii,Engelman Spruce,PIEN,20,Ambient_HW,Watered,0,0,43.4333333333333,20.1333333333333,22.0666666666667,11.4
Picea engelmannii,Engelman Spruce,PIEN,21,Ambient,Drought,10,50,24.26,NA,NA,NA
Picea engelmannii,Engelman Spruce,PIEN,21,Ambient,Watered,0,0,67.2,19.9333333333333,20.7,8.86666666666667
Picea engelmannii,Engelman Spruce,PIEN,21,Ambient_HW,Drought,10,50,22.7,NA,NA,NA
Picea engelmannii,Engelman Spruce,PIEN,21,Ambient_HW,Watered,0,0,73.4666666666667,20.1666666666667,22.5333333333333,10.0333333333333
Picea engelmannii,Engelman Spruce,PIEN,22,Ambient,Drought,10,50,20.94,NA,NA,NA
Picea engelmannii,Engelman Spruce,PIEN,22,Ambient,Watered,0,0,82.4333333333333,18.5,22.4,10.0333333333333
Picea engelmannii,Engelman Spruce,PIEN,22,Ambient_HW,Drought,10,50,21.73,NA,NA,NA
Picea engelmannii,Engelman Spruce,PIEN,22,Ambient_HW,Watered,0,0,89.2666666666667,18.2,23.4,10.4
Picea engelmannii,Engelman Spruce,PIEN,23,Ambient,Drought,10,50,4,NA,NA,NA
Picea engelmannii,Engelman Spruce,PIEN,23,Ambient,Watered,0,0,83.0333333333333,21.4,22.2333333333333,10.0666666666667
Picea engelmannii,Engelman Spruce,PIEN,23,Ambient_HW,Drought,10,50,0,NA,NA,NA
Picea engelmannii,Engelman Spruce,PIEN,23,Ambient_HW,Watered,0,0,83.5333333333333,21.2666666666667,22.4666666666667,10.1333333333333
Picea engelmannii,Engelman Spruce,PIEN,24,Ambient,Drought,10,50,0,NA,NA,NA
Picea engelmannii,Engelman Spruce,PIEN,24,Ambient_HW,Drought,10,50,0,NA,NA,NA
Pinus flexilis,Limber Pine,PIFL,1,Ambient,Drought,0,0,222.46,25.01,43.63,19.42
Pinus flexilis,Limber Pine,PIFL,1,Ambient,Watered,0,0,205.9,24.3666666666667,42.7666666666667,19
Pinus flexilis,Limber Pine,PIFL,1,Ambient_HW,Drought,0,0,232.81,24.92,44.2,19.59
Pinus flexilis,Limber Pine,PIFL,1,Ambient_HW,Watered,0,0,234.3,24.5,44.4666666666667,19.7
Pinus flexilis,Limber Pine,PIFL,2,Ambient,Drought,0,0,258.74,25.75,47.2,21.8
Pinus flexilis,Limber Pine,PIFL,2,Ambient_HW,Drought,0,0,279.36,25.34,48.63,22.27
Pinus flexilis,Limber Pine,PIFL,3,Ambient,Drought,0,0,276.74,23.84,46.66,20.52
Pinus flexilis,Limber Pine,PIFL,3,Ambient,Watered,0,0,265.933333333333,23.9333333333333,46.0666666666667,20.3666666666667
Pinus flexilis,Limber Pine,PIFL,3,Ambient_HW,Drought,0,0,267.02,23.84,46.84,20.71
Pinus flexilis,Limber Pine,PIFL,3,Ambient_HW,Watered,0,0,349.933333333333,23.5666666666667,50.7333333333333,22.3
Pinus flexilis,Limber Pine,PIFL,4,Ambient,Drought,0,0,250.27,23.63,43.86,19.36
Pinus flexilis,Limber Pine,PIFL,4,Ambient,Watered,0,0,258.9,22.2,44.3,19.2333333333333
Pinus flexilis,Limber Pine,PIFL,4,Ambient_HW,Drought,0,0,267.09,23.67,45.32,19.81
Pinus flexilis,Limber Pine,PIFL,4,Ambient_HW,Watered,0,0,334.9,23.9333333333333,49.0666666666667,21.6666666666667
Pinus flexilis,Limber Pine,PIFL,5,Ambient,Drought,0,0,151.01,25.06,34.92,16.22
Pinus flexilis,Limber Pine,PIFL,5,Ambient,Watered,0,0,243.266666666667,25.1333333333333,40.3333333333333,18.6333333333333
Pinus flexilis,Limber Pine,PIFL,5,Ambient_HW,Drought,0,0,155.3,24.93,35.48,16.35
Pinus flexilis,Limber Pine,PIFL,5,Ambient_HW,Watered,0,0,206.8,25.0666666666667,39.4,17.9666666666667
Pinus flexilis,Limber Pine,PIFL,6,Ambient,Drought,0,0,97.44,22.52,25.81,11.29
Pinus flexilis,Limber Pine,PIFL,6,Ambient,Watered,0,0,94.9333333333333,22.4,25.3,11.0333333333333
Pinus flexilis,Limber Pine,PIFL,6,Ambient_HW,Drought,0,0,126.59,22.81,29.67,12.89
Pinus flexilis,Limber Pine,PIFL,6,Ambient_HW,Watered,0,0,172.7,22.6,34.2333333333333,14.7666666666667
Pinus flexilis,Limber Pine,PIFL,7,Ambient,Drought,0,0,79.64,24.56,22.78,9.14
Pinus flexilis,Limber Pine,PIFL,7,Ambient,Watered,0,0,61.1333333333333,24.2666666666667,18.8,7.46666666666667
Pinus flexilis,Limber Pine,PIFL,7,Ambient_HW,Drought,0,0,101.3,24.33,25.92,10.61
Pinus flexilis,Limber Pine,PIFL,7,Ambient_HW,Watered,0,0,101.7,23.4333333333333,27.1666666666667,11.4333333333333
Pinus flexilis,Limber Pine,PIFL,8,Ambient,Drought,0,0,89.97,23.43,22.05,9.02
Pinus flexilis,Limber Pine,PIFL,8,Ambient,Watered,0,0,80.1333333333333,23.3666666666667,20.5666666666667,8.36666666666667
Pinus flexilis,Limber Pine,PIFL,8,Ambient_HW,Drought,0,0,181.25,23.64,32.99,13.95
Pinus flexilis,Limber Pine,PIFL,8,Ambient_HW,Watered,0,0,273.066666666667,22.5,41,17.3333333333333
Pinus flexilis,Limber Pine,PIFL,9,Ambient,Drought,0,0,124.86,23.2,27.89,12.22
Pinus flexilis,Limber Pine,PIFL,9,Ambient,Watered,0,0,108.233333333333,23.0333333333333,25.6,11.2333333333333
Pinus flexilis,Limber Pine,PIFL,9,Ambient_HW,Drought,0,0,174.05,22.81,33.28,14.59
Pinus flexilis,Limber Pine,PIFL,9,Ambient_HW,Watered,0,0,213.433333333333,22.9333333333333,36.3,15.9666666666667
Pinus flexilis,Limber Pine,PIFL,10,Ambient,Drought,0,0,135.53,21.75,29.43,12.78
Pinus flexilis,Limber Pine,PIFL,10,Ambient,Watered,0,0,123.833333333333,21.2,28.0333333333333,12.2
Pinus flexilis,Limber Pine,PIFL,10,Ambient_HW,Drought,0,0,165.32,21.32,32.47,13.94
Pinus flexilis,Limber Pine,PIFL,10,Ambient_HW,Watered,0,0,214.766666666667,21.5,36.3333333333333,15.7333333333333
Pinus flexilis,Limber Pine,PIFL,11,Ambient,Drought,0,0,141.68,22.71,29.93,12.88
Pinus flexilis,Limber Pine,PIFL,11,Ambient,Watered,0,0,135.166666666667,22.8666666666667,29.2,12.6
Pinus flexilis,Limber Pine,PIFL,11,Ambient_HW,Drought,0,0,184.13,22.73,34.3,14.83
Pinus flexilis,Limber Pine,PIFL,11,Ambient_HW,Watered,0,0,200.033333333333,22.5,35.2666666666667,15.2666666666667
Pinus flexilis,Limber Pine,PIFL,12,Ambient,Drought,0,0,150.42,22.14,31.06,13.4
Pinus flexilis,Limber Pine,PIFL,12,Ambient,Watered,0,0,128.066666666667,21.6,28.5,12.3
Pinus flexilis,Limber Pine,PIFL,12,Ambient_HW,Drought,0,0,201.73,21.93,36.06,15.59
Pinus flexilis,Limber Pine,PIFL,12,Ambient_HW,Watered,0,0,225.1,22.2,37.0666666666667,15.7333333333333
Pinus flexilis,Limber Pine,PIFL,13,Ambient,Drought,0,0,100.53,23.33,24.33,10.08
Pinus flexilis,Limber Pine,PIFL,13,Ambient,Watered,0,0,70.7333333333333,23.3666666666667,18.4333333333333,6.7
Pinus flexilis,Limber Pine,PIFL,13,Ambient_HW,Drought,0,0,99.47,22.69,24.54,10.17
Pinus flexilis,Limber Pine,PIFL,13,Ambient_HW,Watered,0,0,153.566666666667,23.4333333333333,30.8333333333333,12.8666666666667
Pinus flexilis,Limber Pine,PIFL,14,Ambient,Drought,0,0,129.27,19.23,27.68,11.5
Pinus flexilis,Limber Pine,PIFL,14,Ambient,Watered,0,0,119.033333333333,19.1,26.3333333333333,11
Pinus flexilis,Limber Pine,PIFL,14,Ambient_HW,Drought,0,0,142.87,19.47,29.61,12.34
Pinus flexilis,Limber Pine,PIFL,14,Ambient_HW,Watered,0,0,218.166666666667,19.3,35.9333333333333,14.8333333333333
Pinus flexilis,Limber Pine,PIFL,15,Ambient,Drought,0,0,145.17,19.08,NA,NA
Pinus flexilis,Limber Pine,PIFL,15,Ambient,Watered,0,0,139.433333333333,19.2666666666667,30.2,12.9
Pinus flexilis,Limber Pine,PIFL,15,Ambient_HW,Drought,0,0,156.89,18.93,32.18,13.83
Pinus flexilis,Limber Pine,PIFL,15,Ambient_HW,Watered,0,0,223.366666666667,18.5,37.6333333333333,16.1
Pinus flexilis,Limber Pine,PIFL,16,Ambient,Drought,0,0,95.55,21.45,22.87,9.35
Pinus flexilis,Limber Pine,PIFL,16,Ambient,Watered,0,0,90.5666666666667,22.1333333333333,22.5666666666667,9.3
Pinus flexilis,Limber Pine,PIFL,16,Ambient_HW,Drought,0,0,83.37,22.27,20.61,8.33
Pinus flexilis,Limber Pine,PIFL,16,Ambient_HW,Watered,0,0,134.066666666667,22.2666666666667,28.7666666666667,12.1
Pinus flexilis,Limber Pine,PIFL,19,Ambient,Drought,0,0,45.07,21.08,23.34,10.86
Pinus flexilis,Limber Pine,PIFL,19,Ambient,Watered,0,0,55.5333333333333,20.9,27.1333333333333,12.6666666666667
Pinus flexilis,Limber Pine,PIFL,19,Ambient_HW,Drought,0,0,36.14,20.88,19.85,9.19
Pinus flexilis,Limber Pine,PIFL,19,Ambient_HW,Watered,0,0,105.766666666667,20.4,35.9333333333333,16.5666666666667
Pinus flexilis,Limber Pine,PIFL,20,Ambient,Drought,0,0,107.64,20.73,28.44,12.48
Pinus flexilis,Limber Pine,PIFL,20,Ambient,Watered,0,0,164.533333333333,20.5,35.7333333333333,15.7333333333333
Pinus flexilis,Limber Pine,PIFL,20,Ambient_HW,Drought,0,0,78.49,20.4,22.97,9.99
Pinus flexilis,Limber Pine,PIFL,20,Ambient_HW,Watered,0,0,202.666666666667,20.3333333333333,39,17.5
Pinus flexilis,Limber Pine,PIFL,21,Ambient,Drought,0,0,75.51,19.15,20.6,8.84
Pinus flexilis,Limber Pine,PIFL,21,Ambient,Watered,0,0,148.733333333333,18.7333333333333,31.7666666666667,14.3
Pinus flexilis,Limber Pine,PIFL,21,Ambient_HW,Drought,0,0,53.58,18.7,16.21,6.93
Pinus flexilis,Limber Pine,PIFL,21,Ambient_HW,Watered,0,0,212.433333333333,18.8,38.3666666666667,17.4333333333333
Pinus flexilis,Limber Pine,PIFL,22,Ambient,Drought,0,0,40,17.35,18.67,8.3
Pinus flexilis,Limber Pine,PIFL,22,Ambient,Watered,0,0,95.0333333333333,17.1,32.5333333333333,14.9
Pinus flexilis,Limber Pine,PIFL,22,Ambient_HW,Drought,0,0,24.06,17.21,13.24,5.79
Pinus flexilis,Limber Pine,PIFL,22,Ambient_HW,Watered,0,0,121.3,17.4333333333333,37.1666666666667,16.8666666666667
Pinus flexilis,Limber Pine,PIFL,23,Ambient,Drought,0,0,33.76,19.57,17.38,8.66
Pinus flexilis,Limber Pine,PIFL,23,Ambient,Watered,0,0,78.0666666666667,19.7333333333333,29.4,14.3666666666667
Pinus flexilis,Limber Pine,PIFL,23,Ambient_HW,Drought,0,0,27.55,19.75,15.09,7.56
Pinus flexilis,Limber Pine,PIFL,23,Ambient_HW,Watered,0,0,139.133333333333,19.4333333333333,39.6,19.0333333333333
Pinus flexilis,Limber Pine,PIFL,24,Ambient,Drought,0,0,56.28,19.66,18.18,7.81
Pinus flexilis,Limber Pine,PIFL,24,Ambient,Watered,0,0,135.033333333333,19.3333333333333,31.7666666666667,14.1
Pinus flexilis,Limber Pine,PIFL,24,Ambient_HW,Drought,0,0,49.94,20.43,16.69,7.06
Pinus flexilis,Limber Pine,PIFL,24,Ambient_HW,Watered,0,0,205.733333333333,20.2333333333333,39.3333333333333,17.6666666666667
Pinus flexilis,Limber Pine,PIFL,25,Ambient,Drought,0,0,64.33,18.78,18.67,8.22
Pinus flexilis,Limber Pine,PIFL,25,Ambient,Watered,0,0,145.133333333333,19.3,31.3666666666667,14.1
Pinus flexilis,Limber Pine,PIFL,25,Ambient_HW,Drought,0,0,66.22,18.26,19.01,8.37
Pinus flexilis,Limber Pine,PIFL,25,Ambient_HW,Watered,0,0,208.5,18.4333333333333,37.6,16.9333333333333
Pinus flexilis,Limber Pine,PIFL,26,Ambient,Drought,1,5,42.86,21.78,13.16,5.47
Pinus flexilis,Limber Pine,PIFL,26,Ambient,Watered,0,0,134,22.1333333333333,30.3,14.0666666666667
Pinus flexilis,Limber Pine,PIFL,26,Ambient_HW,Drought,0,0,44.15,22.02,13.58,5.74
Pinus flexilis,Limber Pine,PIFL,26,Ambient_HW,Watered,0,0,230.3,21.7666666666667,38.7333333333333,17.6
Pinus flexilis,Limber Pine,PIFL,27,Ambient,Drought,1,5,45.03,19.39,13.51,5.37
Pinus flexilis,Limber Pine,PIFL,27,Ambient,Watered,0,0,127.8,19.4333333333333,29.0333333333333,12.7666666666667
Pinus flexilis,Limber Pine,PIFL,27,Ambient_HW,Drought,4,20,47.53,19.5,14.4,5.91
Pinus flexilis,Limber Pine,PIFL,27,Ambient_HW,Watered,0,0,215.5,19.6666666666667,38.4333333333333,17.1666666666667
Pinus flexilis,Limber Pine,PIFL,28,Ambient,Drought,3,15,29.11,21.64,15.01,6.69
Pinus flexilis,Limber Pine,PIFL,28,Ambient,Watered,0,0,111.366666666667,20.7666666666667,35,16.3
Pinus flexilis,Limber Pine,PIFL,28,Ambient_HW,Drought,5,25,26.39,22.14,14,6.27
Pinus flexilis,Limber Pine,PIFL,28,Ambient_HW,Watered,0,0,155.2,22,41.8333333333333,19.5666666666667
Pinus flexilis,Limber Pine,PIFL,29,Ambient,Drought,4,20,32.39,20.29,14.29,6.26
Pinus flexilis,Limber Pine,PIFL,29,Ambient,Watered,0,0,105.433333333333,20.6333333333333,31.3666666666667,14.1
Pinus flexilis,Limber Pine,PIFL,29,Ambient_HW,Drought,7,35,37.57,20.4,16.16,7.24
Pinus flexilis,Limber Pine,PIFL,29,Ambient_HW,Watered,0,0,168.8,20.1666666666667,39.9333333333333,18.5
Pinus flexilis,Limber Pine,PIFL,30,Ambient,Drought,5,25,60.24,NA,NA,NA
Pinus flexilis,Limber Pine,PIFL,30,Ambient,Watered,0,0,156.833333333333,21.2333333333333,33.6,15.1
Pinus flexilis,Limber Pine,PIFL,30,Ambient_HW,Drought,8,40,49.7,NA,NA,NA
Pinus flexilis,Limber Pine,PIFL,30,Ambient_HW,Watered,0,0,232.066666666667,21.1,40.5333333333333,18.0666666666667
Pinus flexilis,Limber Pine,PIFL,31,Ambient,Drought,6,30,41.13,NA,NA,NA
Pinus flexilis,Limber Pine,PIFL,31,Ambient,Watered,0,0,169.7,22.2333333333333,33.4,15.2
Pinus flexilis,Limber Pine,PIFL,31,Ambient_HW,Drought,9,45,25.61,NA,NA,NA
Pinus flexilis,Limber Pine,PIFL,31,Ambient_HW,Watered,0,0,228.2,22.2333333333333,38.9333333333333,17.5333333333333
Pinus flexilis,Limber Pine,PIFL,32,Ambient,Drought,7,35,15.54,NA,NA,NA
Pinus flexilis,Limber Pine,PIFL,32,Ambient,Watered,0,0,87.3666666666667,20.8333333333333,31.1333333333333,14.3666666666667
Pinus flexilis,Limber Pine,PIFL,32,Ambient_HW,Drought,10,50,9.03,NA,NA,NA
Pinus flexilis,Limber Pine,PIFL,32,Ambient_HW,Watered,0,0,121.1,21.0333333333333,37.0666666666667,17.1333333333333
Pinus flexilis,Limber Pine,PIFL,33,Ambient,Drought,8,40,25.41,NA,NA,NA
Pinus flexilis,Limber Pine,PIFL,33,Ambient,Watered,0,0,163.7,22.2333333333333,32.5333333333333,14.3666666666667
Pinus flexilis,Limber Pine,PIFL,33,Ambient_HW,Drought,10,50,10.27,NA,NA,NA
Pinus flexilis,Limber Pine,PIFL,33,Ambient_HW,Watered,0,0,193.566666666667,23,35.7333333333333,15.6333333333333
Pinus flexilis,Limber Pine,PIFL,34,Ambient,Drought,9,45,23.35,NA,NA,NA
Pinus flexilis,Limber Pine,PIFL,34,Ambient,Watered,0,0,163.233333333333,22.5,33.5333333333333,15.4333333333333
Pinus flexilis,Limber Pine,PIFL,34,Ambient_HW,Drought,10,50,5.22,NA,NA,NA
Pinus flexilis,Limber Pine,PIFL,34,Ambient_HW,Watered,0,0,198.466666666667,22.0333333333333,36.7666666666667,16.6666666666667
Pinus flexilis,Limber Pine,PIFL,35,Ambient,Drought,10,50,24.17,NA,NA,NA
Pinus flexilis,Limber Pine,PIFL,35,Ambient,Watered,0,0,173.666666666667,23.5,33.2,14.8333333333333
Pinus flexilis,Limber Pine,PIFL,35,Ambient_HW,Drought,10,50,7.62,NA,NA,NA
Pinus flexilis,Limber Pine,PIFL,35,Ambient_HW,Watered,0,0,201.133333333333,23.5666666666667,36.6666666666667,16.3666666666667
Pinus flexilis,Limber Pine,PIFL,36,Ambient,Drought,10,50,9.05,NA,NA,NA
Pinus flexilis,Limber Pine,PIFL,36,Ambient,Watered,0,0,103.433333333333,22.4666666666667,33.8333333333333,16
Pinus flexilis,Limber Pine,PIFL,36,Ambient_HW,Drought,10,50,0,NA,NA,NA
Pinus flexilis,Limber Pine,PIFL,36,Ambient_HW,Watered,0,0,132.566666666667,22.9,39.2,18.5666666666667
Pinus ponderosa,Ponderosa Pine,PIPO,1,Ambient,Drought,0,0,168.34,26.52,39.43,18.2
Pinus ponderosa,Ponderosa Pine,PIPO,1,Ambient,Watered,0,0,98.6,26.0333333333333,31.4333333333333,14.6
Pinus ponderosa,Ponderosa Pine,PIPO,1,Ambient_HW,Drought,0,0,134.35,26.38,34.98,16.37
Pinus ponderosa,Ponderosa Pine,PIPO,1,Ambient_HW,Watered,0,0,105,26.1,32.5666666666667,14.8666666666667
Pinus ponderosa,Ponderosa Pine,PIPO,2,Ambient,Drought,0,0,142.99,25.11,39.5,17.77
Pinus ponderosa,Ponderosa Pine,PIPO,2,Ambient,Watered,0,0,145,24.1333333333333,40.7333333333333,18.3
Pinus ponderosa,Ponderosa Pine,PIPO,2,Ambient_HW,Drought,0,0,180.29,25.21,43.23,19.42
Pinus ponderosa,Ponderosa Pine,PIPO,2,Ambient_HW,Watered,0,0,139.266666666667,24.5666666666667,40.7333333333333,18.4
Pinus ponderosa,Ponderosa Pine,PIPO,3,Ambient,Drought,0,0,163.2,25.38,38.51,17.01
Pinus ponderosa,Ponderosa Pine,PIPO,3,Ambient,Watered,0,0,143.133333333333,25.5666666666667,35.2666666666667,15.4666666666667
Pinus ponderosa,Ponderosa Pine,PIPO,3,Ambient_HW,Drought,0,0,179.48,25.37,40.47,18.03
Pinus ponderosa,Ponderosa Pine,PIPO,3,Ambient_HW,Watered,0,0,178.333333333333,25.3666666666667,41.6333333333333,18.8
Pinus ponderosa,Ponderosa Pine,PIPO,4,Ambient,Drought,0,0,179.27,25.08,39.84,18.08
Pinus ponderosa,Ponderosa Pine,PIPO,4,Ambient_HW,Drought,0,0,234.66,25.62,44.5,20.13
Pinus ponderosa,Ponderosa Pine,PIPO,5,Ambient,Drought,0,0,137.28,24.2,33.96,14.6
Pinus ponderosa,Ponderosa Pine,PIPO,5,Ambient,Watered,0,0,139.466666666667,24.1666666666667,33.4666666666667,14.4
Pinus ponderosa,Ponderosa Pine,PIPO,5,Ambient_HW,Drought,0,0,240.33,24.26,43.06,17.96
Pinus ponderosa,Ponderosa Pine,PIPO,5,Ambient_HW,Watered,0,0,214.3,23.8333333333333,42.7,18.4333333333333
Pinus ponderosa,Ponderosa Pine,PIPO,6,Ambient,Drought,0,0,85.43,23.13,26.15,11.32
Pinus ponderosa,Ponderosa Pine,PIPO,6,Ambient,Watered,0,0,98.0666666666667,23.0333333333333,27.9333333333333,12.1333333333333
Pinus ponderosa,Ponderosa Pine,PIPO,6,Ambient_HW,Drought,0,0,86.34,23.49,26.45,11.57
Pinus ponderosa,Ponderosa Pine,PIPO,6,Ambient_HW,Watered,0,0,79.2,23.5333333333333,25.1,10.9333333333333
Pinus ponderosa,Ponderosa Pine,PIPO,7,Ambient,Drought,0,0,81.84,24.88,23.91,10.77
Pinus ponderosa,Ponderosa Pine,PIPO,7,Ambient,Watered,0,0,91.5666666666667,24.6,25.6,11.5333333333333
Pinus ponderosa,Ponderosa Pine,PIPO,7,Ambient_HW,Drought,0,0,85.29,24.53,24.29,10.97
Pinus ponderosa,Ponderosa Pine,PIPO,7,Ambient_HW,Watered,0,0,70.4333333333333,23.8333333333333,21.4333333333333,9.3
Pinus ponderosa,Ponderosa Pine,PIPO,8,Ambient,Drought,0,0,55.6,23.24,17.46,7.47
Pinus ponderosa,Ponderosa Pine,PIPO,8,Ambient,Watered,0,0,115.766666666667,23.1333333333333,28.2666666666667,12.3
Pinus ponderosa,Ponderosa Pine,PIPO,8,Ambient_HW,Drought,0,0,61,23.58,18.26,7.65
Pinus ponderosa,Ponderosa Pine,PIPO,8,Ambient_HW,Watered,0,0,66.3666666666667,23.5,19.5,8.3
Pinus ponderosa,Ponderosa Pine,PIPO,9,Ambient,Drought,0,0,55.48,24.58,18.84,7.9
Pinus ponderosa,Ponderosa Pine,PIPO,9,Ambient,Watered,0,0,76.1666666666667,24.2333333333333,23.2333333333333,9.73333333333333
Pinus ponderosa,Ponderosa Pine,PIPO,9,Ambient_HW,Drought,0,0,52.98,25.1,18.28,7.66
Pinus ponderosa,Ponderosa Pine,PIPO,9,Ambient_HW,Watered,0,0,70.3666666666667,24.4,22.4333333333333,9.53333333333333
Pinus ponderosa,Ponderosa Pine,PIPO,10,Ambient,Drought,5,25,43.02,NA,NA,NA
Pinus ponderosa,Ponderosa Pine,PIPO,10,Ambient,Watered,0,0,111.8,23.3333333333333,23.4666666666667,9.7
Pinus ponderosa,Ponderosa Pine,PIPO,10,Ambient_HW,Drought,6,30,57.82,23.66,15.96,6.42
Pinus ponderosa,Ponderosa Pine,PIPO,10,Ambient_HW,Watered,0,0,75.8666666666667,23.6333333333333,19.5,8.03333333333333
Pinus ponderosa,Ponderosa Pine,PIPO,11,Ambient,Drought,6,30,51.88,NA,NA,NA
Pinus ponderosa,Ponderosa Pine,PIPO,11,Ambient,Watered,1,5,92.3,22.5666666666667,22.8,9.96666666666667
Pinus ponderosa,Ponderosa Pine,PIPO,11,Ambient_HW,Drought,8,40,66.35,22.56,18.73,8.11
Pinus ponderosa,Ponderosa Pine,PIPO,11,Ambient_HW,Watered,0,0,73.5666666666667,22.8333333333333,19.9,8.5
Pinus ponderosa,Ponderosa Pine,PIPO,12,Ambient,Drought,9,45,52.02,NA,NA,NA
Pinus ponderosa,Ponderosa Pine,PIPO,12,Ambient,Watered,1,5,90.0333333333333,21.3,21.9,9.36666666666667
Pinus ponderosa,Ponderosa Pine,PIPO,12,Ambient_HW,Drought,9,45,58.14,21.31,16.76,7.03
Pinus ponderosa,Ponderosa Pine,PIPO,12,Ambient_HW,Watered,0,0,87.7666666666667,21.4666666666667,22.4666666666667,9.76666666666667
Pinus ponderosa,Ponderosa Pine,PIPO,13,Ambient,Drought,10,50,39.75,NA,NA,NA
Pinus ponderosa,Ponderosa Pine,PIPO,13,Ambient,Watered,1,5,63.5,22.2,16.8333333333333,6.7
Pinus ponderosa,Ponderosa Pine,PIPO,13,Ambient_HW,Drought,9,45,47.27,21.61,13.85,5.49
Pinus ponderosa,Ponderosa Pine,PIPO,13,Ambient_HW,Watered,0,0,73.6666666666667,21.3,19.6333333333333,8.13333333333333
Pinus ponderosa,Ponderosa Pine,PIPO,14,Ambient,Drought,10,50,25.7,NA,NA,NA
Pinus ponderosa,Ponderosa Pine,PIPO,14,Ambient,Watered,1,5,96.0333333333333,NA,NA,NA
Pinus ponderosa,Ponderosa Pine,PIPO,14,Ambient_HW,Drought,10,50,15.47,NA,NA,NA
Pinus ponderosa,Ponderosa Pine,PIPO,14,Ambient_HW,Watered,0,0,92.0333333333333,22.4333333333333,23.1666666666667,9.96666666666667
Pinus ponderosa,Ponderosa Pine,PIPO,15,Ambient,Drought,10,50,6.34,NA,NA,NA
Pinus ponderosa,Ponderosa Pine,PIPO,15,Ambient,Watered,1,5,57.8,NA,NA,NA
Pinus ponderosa,Ponderosa Pine,PIPO,15,Ambient_HW,Drought,10,50,6.38,NA,NA,NA
Pinus ponderosa,Ponderosa Pine,PIPO,15,Ambient_HW,Watered,0,0,72.5333333333333,22.8,20.0666666666667,8.26666666666667
Pinus ponderosa,Ponderosa Pine,PIPO,16,Ambient,Drought,10,50,0,NA,NA,NA
Pinus ponderosa,Ponderosa Pine,PIPO,16,Ambient,Watered,1,5,49.2,NA,NA,NA
Pinus ponderosa,Ponderosa Pine,PIPO,16,Ambient_HW,Drought,10,50,6.47,NA,NA,NA
Pinus ponderosa,Ponderosa Pine,PIPO,16,Ambient_HW,Watered,0,0,98.5333333333333,20.4,23.9333333333333,10.0333333333333
Pseudotsuga menziesii,Douglas fir,PSME,1,Ambient,Drought,0,0,125.6,25.34,34.7,15.82
Pseudotsuga menziesii,Douglas fir,PSME,1,Ambient,Watered,0,0,86.6666666666667,25.1,27.9,12.2333333333333
Pseudotsuga menziesii,Douglas fir,PSME,1,Ambient_HW,Drought,0,0,124.48,25.66,33.71,15.2
Pseudotsuga menziesii,Douglas fir,PSME,1,Ambient_HW,Watered,0,0,135.3,25.3,35.2333333333333,15.8666666666667
Pseudotsuga menziesii,Douglas fir,PSME,2,Ambient,Drought,0,0,294.13,25,49.75,23.04
Pseudotsuga menziesii,Douglas fir,PSME,2,Ambient_HW,Drought,0,0,266.8,24.73,47.46,21.81
Pseudotsuga menziesii,Douglas fir,PSME,3,Ambient,Drought,0,0,299.75,23.89,47.76,21.34
Pseudotsuga menziesii,Douglas fir,PSME,3,Ambient,Watered,0,0,152.533333333333,23.2666666666667,37,16.4333333333333
Pseudotsuga menziesii,Douglas fir,PSME,3,Ambient_HW,Drought,0,0,246.38,23.79,44.81,20
Pseudotsuga menziesii,Douglas fir,PSME,3,Ambient_HW,Watered,0,0,236.866666666667,23.8333333333333,43.7666666666667,19.5666666666667
Pseudotsuga menziesii,Douglas fir,PSME,4,Ambient,Drought,0,0,321.51,23.62,48.67,21.71
Pseudotsuga menziesii,Douglas fir,PSME,4,Ambient,Watered,0,0,298,23.5666666666667,47.2666666666667,21.0333333333333
Pseudotsuga menziesii,Douglas fir,PSME,4,Ambient_HW,Drought,0,0,277.9,23.64,46.25,20.56
Pseudotsuga menziesii,Douglas fir,PSME,4,Ambient_HW,Watered,0,0,282.133333333333,23.6,46.9666666666667,21.0333333333333
Pseudotsuga menziesii,Douglas fir,PSME,5,Ambient,Drought,0,0,255.62,24.89,43.4,19.97
Pseudotsuga menziesii,Douglas fir,PSME,5,Ambient,Watered,0,0,168.233333333333,23.9333333333333,36.3333333333333,16.7333333333333
Pseudotsuga menziesii,Douglas fir,PSME,5,Ambient_HW,Drought,0,0,181.69,24.04,38.15,17.66
Pseudotsuga menziesii,Douglas fir,PSME,5,Ambient_HW,Watered,0,0,189.4,24.1,38.5666666666667,17.7
Pseudotsuga menziesii,Douglas fir,PSME,6,Ambient,Drought,0,0,187.3,22.1,35.66,15.71
Pseudotsuga menziesii,Douglas fir,PSME,6,Ambient,Watered,0,0,168.766666666667,21.4333333333333,32.5,14.3333333333333
Pseudotsuga menziesii,Douglas fir,PSME,6,Ambient_HW,Drought,0,0,177.91,21.61,33.93,14.91
Pseudotsuga menziesii,Douglas fir,PSME,6,Ambient_HW,Watered,0,0,218.1,21.2333333333333,40.0666666666667,18.0666666666667
Pseudotsuga menziesii,Douglas fir,PSME,7,Ambient,Drought,0,0,129.84,24.15,31.32,13.43
Pseudotsuga menziesii,Douglas fir,PSME,7,Ambient,Watered,0,0,117.433333333333,24.2666666666667,28.2,12
Pseudotsuga menziesii,Douglas fir,PSME,7,Ambient_HW,Drought,0,0,116.72,24.19,29.28,12.38
Pseudotsuga menziesii,Douglas fir,PSME,7,Ambient_HW,Watered,0,0,148.766666666667,23.9,33.5,14.5
Pseudotsuga menziesii,Douglas fir,PSME,8,Ambient,Drought,0,0,134.23,22.25,28.76,12.19
Pseudotsuga menziesii,Douglas fir,PSME,8,Ambient,Watered,0,0,149.833333333333,22.8333333333333,29.7666666666667,12.2666666666667
Pseudotsuga menziesii,Douglas fir,PSME,8,Ambient_HW,Drought,0,0,80.91,21.92,20.39,8.35
Pseudotsuga menziesii,Douglas fir,PSME,8,Ambient_HW,Watered,0,0,124.533333333333,21.6333333333333,27.8333333333333,11.7333333333333
Pseudotsuga menziesii,Douglas fir,PSME,9,Ambient,Drought,0,0,198.14,22.84,35.54,15.82
Pseudotsuga menziesii,Douglas fir,PSME,9,Ambient,Watered,0,0,204.633333333333,22.4333333333333,36.3666666666667,16.1666666666667
Pseudotsuga menziesii,Douglas fir,PSME,9,Ambient_HW,Drought,0,0,99.56,22.13,23.75,10.45
Pseudotsuga menziesii,Douglas fir,PSME,9,Ambient_HW,Watered,0,0,118.666666666667,21.3666666666667,27.1666666666667,11.8666666666667
Pseudotsuga menziesii,Douglas fir,PSME,10,Ambient,Drought,0,0,148.23,21.05,30.95,13.74
Pseudotsuga menziesii,Douglas fir,PSME,10,Ambient,Watered,0,0,152.433333333333,21.4,30.9333333333333,13.6
Pseudotsuga menziesii,Douglas fir,PSME,10,Ambient_HW,Drought,0,0,99.84,21.08,24.43,10.66
Pseudotsuga menziesii,Douglas fir,PSME,10,Ambient_HW,Watered,0,0,204.933333333333,20.9333333333333,37.1333333333333,16.5
Pseudotsuga menziesii,Douglas fir,PSME,11,Ambient,Drought,0,0,58.08,21.04,15.94,6.49
Pseudotsuga menziesii,Douglas fir,PSME,11,Ambient,Watered,0,0,109.9,21.8,25.9333333333333,11.2
Pseudotsuga menziesii,Douglas fir,PSME,11,Ambient_HW,Drought,0,0,47.03,21.48,13.22,4.98
Pseudotsuga menziesii,Douglas fir,PSME,11,Ambient_HW,Watered,0,0,109.3,21.7,25.6,10.8333333333333
Pseudotsuga menziesii,Douglas fir,PSME,12,Ambient,Drought,0,0,101.17,22.28,24.57,10.69
Pseudotsuga menziesii,Douglas fir,PSME,12,Ambient,Watered,0,0,141.4,21.7333333333333,30.5333333333333,13.4
Pseudotsuga menziesii,Douglas fir,PSME,12,Ambient_HW,Drought,0,0,97.55,22.47,23.69,10.18
Pseudotsuga menziesii,Douglas fir,PSME,12,Ambient_HW,Watered,0,0,221,22.5666666666667,37.9666666666667,16.6666666666667
Pseudotsuga menziesii,Douglas fir,PSME,13,Ambient,Drought,0,0,62.6,21.71,17.82,7.16
Pseudotsuga menziesii,Douglas fir,PSME,13,Ambient,Watered,0,0,121.066666666667,21.9,27.8,11.8
Pseudotsuga menziesii,Douglas fir,PSME,13,Ambient_HW,Drought,0,0,81.39,21.13,21.12,8.69
Pseudotsuga menziesii,Douglas fir,PSME,13,Ambient_HW,Watered,0,0,152.4,21.0666666666667,31.8666666666667,13.5333333333333
Pseudotsuga menziesii,Douglas fir,PSME,14,Ambient,Drought,0,0,75.68,19.54,19.97,8.35
Pseudotsuga menziesii,Douglas fir,PSME,14,Ambient,Watered,0,0,165.7,19.5666666666667,32.2,13.6666666666667
Pseudotsuga menziesii,Douglas fir,PSME,14,Ambient_HW,Drought,0,0,81.17,19.56,21.14,8.99
Pseudotsuga menziesii,Douglas fir,PSME,14,Ambient_HW,Watered,0,0,189.633333333333,19.5,34.6333333333333,14.6333333333333
Pseudotsuga menziesii,Douglas fir,PSME,15,Ambient,Drought,1,5,81.36,18.35,22.43,10.03
Pseudotsuga menziesii,Douglas fir,PSME,15,Ambient,Watered,0,0,167.966666666667,18.3333333333333,34.0333333333333,15.4
Pseudotsuga menziesii,Douglas fir,PSME,15,Ambient_HW,Drought,4,20,85.95,18.44,22.98,10.15
Pseudotsuga menziesii,Douglas fir,PSME,15,Ambient_HW,Watered,0,0,145.3,18.3666666666667,31.3,13.7666666666667
Pseudotsuga menziesii,Douglas fir,PSME,16,Ambient,Drought,1,5,47.03,21.59,13.55,5.24
Pseudotsuga menziesii,Douglas fir,PSME,16,Ambient,Watered,0,0,92.0666666666667,21.5666666666667,22.7333333333333,9.4
Pseudotsuga menziesii,Douglas fir,PSME,16,Ambient_HW,Drought,4,20,43.96,21.58,12.66,4.75
Pseudotsuga menziesii,Douglas fir,PSME,16,Ambient_HW,Watered,0,0,97.4333333333333,21.4,23.7666666666667,9.96666666666667
Pseudotsuga menziesii,Douglas fir,PSME,19,Ambient,Drought,4,20,28.24,19.94,17.32,8.06
Pseudotsuga menziesii,Douglas fir,PSME,19,Ambient,Watered,0,0,58.8666666666667,19.9333333333333,27.8666666666667,13
Pseudotsuga menziesii,Douglas fir,PSME,19,Ambient_HW,Drought,8,40,28.77,20.21,17.68,8.3
Pseudotsuga menziesii,Douglas fir,PSME,19,Ambient_HW,Watered,0,0,52.8666666666667,20.1333333333333,26.6666666666667,12.7333333333333
Pseudotsuga menziesii,Douglas fir,PSME,20,Ambient,Drought,5,25,62.95,20.42,20.5,8.9
Pseudotsuga menziesii,Douglas fir,PSME,20,Ambient,Watered,0,0,98.2333333333333,20.4,26.4333333333333,11.6
Pseudotsuga menziesii,Douglas fir,PSME,20,Ambient_HW,Drought,9,45,64.15,20.66,20.49,8.73
Pseudotsuga menziesii,Douglas fir,PSME,20,Ambient_HW,Watered,0,0,192.733333333333,20.5,37.9333333333333,16.9333333333333
Pseudotsuga menziesii,Douglas fir,PSME,21,Ambient,Drought,9,45,53.47,18.85,16.61,7.32
Pseudotsuga menziesii,Douglas fir,PSME,21,Ambient,Watered,0,0,121.833333333333,19.0333333333333,28,12.7666666666667
Pseudotsuga menziesii,Douglas fir,PSME,21,Ambient_HW,Drought,10,50,58.75,18.86,17.91,7.92
Pseudotsuga menziesii,Douglas fir,PSME,21,Ambient_HW,Watered,0,0,113.366666666667,18.8333333333333,28.4666666666667,13.2
Pseudotsuga menziesii,Douglas fir,PSME,22,Ambient,Drought,10,50,16.33,NA,NA,NA
Pseudotsuga menziesii,Douglas fir,PSME,22,Ambient,Watered,0,0,67.6333333333333,17.8666666666667,27.1666666666667,12.5333333333333
Pseudotsuga menziesii,Douglas fir,PSME,22,Ambient_HW,Drought,10,50,5.57,NA,NA,NA
Pseudotsuga menziesii,Douglas fir,PSME,22,Ambient_HW,Watered,0,0,79.5666666666667,17.5333333333333,30.2333333333333,13.7666666666667
Pseudotsuga menziesii,Douglas fir,PSME,23,Ambient,Drought,10,50,13.94,NA,NA,NA
Pseudotsuga menziesii,Douglas fir,PSME,23,Ambient,Watered,0,0,73.2,20.7,28.8666666666667,14.1666666666667
Pseudotsuga menziesii,Douglas fir,PSME,23,Ambient_HW,Drought,10,50,3.21,NA,NA,NA
Pseudotsuga menziesii,Douglas fir,PSME,23,Ambient_HW,Watered,0,0,76.5333333333333,20.5666666666667,29.6666666666667,14.5
Pseudotsuga menziesii,Douglas fir,PSME,24,Ambient,Drought,10,50,6.36,NA,NA,NA
Pseudotsuga menziesii,Douglas fir,PSME,24,Ambient,Watered,0,0,105.133333333333,19.4333333333333,27.1,11.9666666666667
Pseudotsuga menziesii,Douglas fir,PSME,24,Ambient_HW,Drought,10,50,0,NA,NA,NA
Pseudotsuga menziesii,Douglas fir,PSME,24,Ambient_HW,Watered,0,0,112.6,19.5666666666667,28.9666666666667,12.8333333333333
