ScientificName,Species,Treatment_temp,Treatment_water,Week,SampleSize_Weekly_PercentBrown,Dead_Count,PercentBrown,PercentBrown_Est,PercentGreen_Est,SD_PercentBrown
Picea engelmannii,PIEN,Ambient,Drought,1,20,0,14,14,86,6.66392487478979
Picea engelmannii,PIEN,Ambient,Drought,1.5,20,0,16,16,84,7.53937034925052
Picea engelmannii,PIEN,Ambient,Drought,2,20,0,10,10,90,0
Picea engelmannii,PIEN,Ambient,Drought,2.5,20,0,12,12,88,5.49521322798785
Picea engelmannii,PIEN,Ambient,Drought,3,20,0,12,12,88,5.49521322798785
Picea engelmannii,PIEN,Ambient,Drought,3.5,20,0,12,12,88,5.49521322798785
Picea engelmannii,PIEN,Ambient,Drought,4,20,0,12,12,88,5.49521322798785
Picea engelmannii,PIEN,Ambient,Drought,5,20,0,12,12,88,5.49521322798785
Picea engelmannii,PIEN,Ambient,Drought,5.5,20,0,14,14,86,6.66392487478979
Picea engelmannii,PIEN,Ambient,Drought,6,20,0,12,12,88,5.49521322798785
Picea engelmannii,PIEN,Ambient,Drought,6.5,20,0,14,14,86,7.05243518972441
Picea engelmannii,PIEN,Ambient,Drought,7,20,0,13,13,87,6.15587011251092
Picea engelmannii,PIEN,Ambient,Drought,7.5,20,0,14,14,86,6.66392487478979
Picea engelmannii,PIEN,Ambient,Drought,8,20,0,14,14,86,6.66392487478979
Picea engelmannii,PIEN,Ambient,Drought,8.5,20,0,13,13,87,6.15587011251092
Picea engelmannii,PIEN,Ambient,Drought,9,20,0,14,14,86,7.05243518972441
Picea engelmannii,PIEN,Ambient,Drought,9.5,20,0,15,15,85,7.34040727394389
Picea engelmannii,PIEN,Ambient,Drought,10,20,0,14,14,86,7.05243518972441
Picea engelmannii,PIEN,Ambient,Drought,10.5,20,0,14,14,86,7.05243518972441
Picea engelmannii,PIEN,Ambient,Drought,11,20,0,14,14,86,7.05243518972441
Picea engelmannii,PIEN,Ambient,Drought,11.5,20,0,14,14,86,6.66392487478979
Picea engelmannii,PIEN,Ambient,Drought,12,20,0,13,13,87,6.15587011251092
Picea engelmannii,PIEN,Ambient,Drought,12.5,20,0,10,10,90,0
Picea engelmannii,PIEN,Ambient,Drought,13.5,20,0,10,10,90,0
Picea engelmannii,PIEN,Ambient,Drought,14,20,0,10,10,90,0
Picea engelmannii,PIEN,Ambient,Drought,14.5,20,0,10,10,90,0
Picea engelmannii,PIEN,Ambient,Drought,15,20,0,11,11,89,3.35410196624968
Picea engelmannii,PIEN,Ambient,Drought,15.5,20,0,13,13,87,6.15587011251092
Picea engelmannii,PIEN,Ambient,Drought,16,20,0,15,15,85,7.34040727394389
Picea engelmannii,PIEN,Ambient,Drought,16.5,20,0,14,14,86,6.66392487478979
Picea engelmannii,PIEN,Ambient,Drought,17,20,0,16,16,84,7.53937034925052
Picea engelmannii,PIEN,Ambient,Drought,17.5,20,3,23,23,77,11.5165784392487
Picea engelmannii,PIEN,Ambient,Drought,18,20,8,28,28,72,22.5073087544562
Picea engelmannii,PIEN,Ambient,Drought,18.5,20,10,39,39,61,29.239258036522
Picea engelmannii,PIEN,Ambient,Drought,19,20,12,43,43,57,33.1850870120902
Picea engelmannii,PIEN,Ambient,Drought,19.5,20,12,58,58,42,33.6193866376937
Picea engelmannii,PIEN,Ambient,Drought,20,20,15,61,61,39,33.5557274113565
Picea engelmannii,PIEN,Ambient,Drought,20.5,20,16,59,71,29,29.4634028120168
Picea engelmannii,PIEN,Ambient,Drought,21,20,18,64,74,26,26.4027510528334
Picea engelmannii,PIEN,Ambient,Drought,21.5,20,19,65,80,20,23.4520787991171
Picea engelmannii,PIEN,Ambient,Drought,22,20,19,65,80,20,23.4520787991171
Picea engelmannii,PIEN,Ambient,Drought,22.5,20,20,76,86,14,9.74679434480896
Picea engelmannii,PIEN,Ambient,Drought,23,20,20,79,87,13,9.38573946277851
Picea engelmannii,PIEN,Ambient,Drought,23.5,20,20,NA,88,12,4.61690258438319
Picea engelmannii,PIEN,Ambient,Drought,24,20,20,82,88,12,4.61690258438319
Picea engelmannii,PIEN,Ambient,Watered,1,5,0,22,22,78,6.70820393249937
Picea engelmannii,PIEN,Ambient,Watered,1.5,5,0,25,25,75,0
Picea engelmannii,PIEN,Ambient,Watered,2,5,0,13,13,87,6.70820393249937
Picea engelmannii,PIEN,Ambient,Watered,2.5,5,0,13,13,87,6.70820393249937
Picea engelmannii,PIEN,Ambient,Watered,3,5,0,19,19,81,8.21583836257749
Picea engelmannii,PIEN,Ambient,Watered,3.5,5,0,19,19,81,8.21583836257749
Picea engelmannii,PIEN,Ambient,Watered,4,5,0,24,24,76,16.3554272337961
Picea engelmannii,PIEN,Ambient,Watered,5,5,0,19,19,81,8.21583836257749
Picea engelmannii,PIEN,Ambient,Watered,5.5,5,0,19,19,81,8.21583836257749
Picea engelmannii,PIEN,Ambient,Watered,6,5,0,16,16,84,8.21583836257749
Picea engelmannii,PIEN,Ambient,Watered,6.5,5,0,19,19,81,8.21583836257749
Picea engelmannii,PIEN,Ambient,Watered,7,5,0,13,13,87,6.70820393249937
Picea engelmannii,PIEN,Ambient,Watered,7.5,5,0,16,16,84,8.21583836257749
Picea engelmannii,PIEN,Ambient,Watered,8,5,0,16,16,84,8.21583836257749
Picea engelmannii,PIEN,Ambient,Watered,8.5,5,0,16,16,84,8.21583836257749
Picea engelmannii,PIEN,Ambient,Watered,9,5,0,13,13,87,6.70820393249937
Picea engelmannii,PIEN,Ambient,Watered,9.5,5,0,16,16,84,8.21583836257749
Picea engelmannii,PIEN,Ambient,Watered,10,5,0,16,16,84,8.21583836257749
Picea engelmannii,PIEN,Ambient,Watered,10.5,5,0,13,13,87,6.70820393249937
Picea engelmannii,PIEN,Ambient,Watered,11,5,0,16,16,84,8.21583836257749
Picea engelmannii,PIEN,Ambient,Watered,11.5,5,0,13,13,87,6.70820393249937
Picea engelmannii,PIEN,Ambient,Watered,12,5,0,13,13,87,6.70820393249937
Picea engelmannii,PIEN,Ambient,Watered,12.5,5,0,10,10,90,0
Picea engelmannii,PIEN,Ambient,Watered,13.5,5,0,10,10,90,0
Picea engelmannii,PIEN,Ambient,Watered,14,5,0,10,10,90,0
Picea engelmannii,PIEN,Ambient,Watered,14.5,5,0,13,13,87,6.70820393249937
Picea engelmannii,PIEN,Ambient,Watered,15,5,0,13,13,87,6.70820393249937
Picea engelmannii,PIEN,Ambient,Watered,15.5,5,0,16,16,84,8.21583836257749
Picea engelmannii,PIEN,Ambient,Watered,16,5,0,19,19,81,8.21583836257749
Picea engelmannii,PIEN,Ambient,Watered,16.5,5,0,19,19,81,8.21583836257749
Picea engelmannii,PIEN,Ambient,Watered,17,5,0,19,19,81,8.21583836257749
Picea engelmannii,PIEN,Ambient,Watered,17.5,5,0,16,16,84,8.21583836257749
Picea engelmannii,PIEN,Ambient,Watered,18,5,0,16,16,84,8.21583836257749
Picea engelmannii,PIEN,Ambient,Watered,18.5,5,0,13,13,87,6.70820393249937
Picea engelmannii,PIEN,Ambient,Watered,19,5,0,19,19,81,8.21583836257749
Picea engelmannii,PIEN,Ambient,Watered,19.5,5,0,16,16,84,8.21583836257749
Picea engelmannii,PIEN,Ambient,Watered,20,5,0,19,19,81,8.21583836257749
Picea engelmannii,PIEN,Ambient,Watered,20.5,5,0,22,22,78,6.70820393249937
Picea engelmannii,PIEN,Ambient,Watered,21,5,0,22,22,78,6.70820393249937
Picea engelmannii,PIEN,Ambient,Watered,21.5,5,0,22,22,78,6.70820393249937
Picea engelmannii,PIEN,Ambient,Watered,22,5,0,13,13,87,6.70820393249937
Picea engelmannii,PIEN,Ambient,Watered,22.5,5,0,22,22,78,6.70820393249937
Picea engelmannii,PIEN,Ambient,Watered,23,5,0,22,22,78,6.70820393249937
Picea engelmannii,PIEN,Ambient,Watered,24,5,0,22,22,78,6.70820393249937
Picea engelmannii,PIEN,Ambient_HW,Drought,1,20,0,12,12,88,5.49521322798785
Picea engelmannii,PIEN,Ambient_HW,Drought,1.5,20,0,15,15,85,7.34040727394389
Picea engelmannii,PIEN,Ambient_HW,Drought,2,20,0,11,11,89,3.35410196624968
Picea engelmannii,PIEN,Ambient_HW,Drought,2.5,20,0,12,12,88,5.49521322798785
Picea engelmannii,PIEN,Ambient_HW,Drought,3,20,0,12,12,88,5.49521322798785
Picea engelmannii,PIEN,Ambient_HW,Drought,3.5,20,0,12,12,88,5.49521322798785
Picea engelmannii,PIEN,Ambient_HW,Drought,4,20,0,12,12,88,5.49521322798785
Picea engelmannii,PIEN,Ambient_HW,Drought,5,20,0,12,12,88,4.61690258438319
Picea engelmannii,PIEN,Ambient_HW,Drought,5.5,20,0,12,12,88,4.61690258438319
Picea engelmannii,PIEN,Ambient_HW,Drought,6,20,0,12,12,88,4.61690258438319
Picea engelmannii,PIEN,Ambient_HW,Drought,6.5,20,0,12,12,88,4.61690258438319
Picea engelmannii,PIEN,Ambient_HW,Drought,7,20,0,12,12,88,4.61690258438319
Picea engelmannii,PIEN,Ambient_HW,Drought,7.5,20,0,12,12,88,4.61690258438319
Picea engelmannii,PIEN,Ambient_HW,Drought,8,20,0,12,12,88,4.61690258438319
Picea engelmannii,PIEN,Ambient_HW,Drought,8.5,20,0,12,12,88,4.61690258438319
Picea engelmannii,PIEN,Ambient_HW,Drought,9,20,0,12,12,88,4.61690258438319
Picea engelmannii,PIEN,Ambient_HW,Drought,9.5,20,0,12,12,88,4.61690258438319
Picea engelmannii,PIEN,Ambient_HW,Drought,10,20,0,12,12,88,5.49521322798785
Picea engelmannii,PIEN,Ambient_HW,Drought,10.5,20,0,12,12,88,4.61690258438319
Picea engelmannii,PIEN,Ambient_HW,Drought,11,20,0,11,11,89,3.35410196624968
Picea engelmannii,PIEN,Ambient_HW,Drought,11.5,20,0,11,11,89,3.35410196624968
Picea engelmannii,PIEN,Ambient_HW,Drought,12,20,0,11,11,89,3.35410196624968
Picea engelmannii,PIEN,Ambient_HW,Drought,12.5,20,0,10,10,90,0
Picea engelmannii,PIEN,Ambient_HW,Drought,13.5,20,0,11,11,89,3.35410196624968
Picea engelmannii,PIEN,Ambient_HW,Drought,14,20,0,11,11,89,3.35410196624968
Picea engelmannii,PIEN,Ambient_HW,Drought,14.5,20,0,11,11,89,3.35410196624968
Picea engelmannii,PIEN,Ambient_HW,Drought,15,20,0,12,12,88,4.61690258438319
Picea engelmannii,PIEN,Ambient_HW,Drought,15.5,20,0,11,11,89,3.35410196624968
Picea engelmannii,PIEN,Ambient_HW,Drought,16,20,0,11,11,89,3.35410196624968
Picea engelmannii,PIEN,Ambient_HW,Drought,16.5,20,0,11,11,89,3.35410196624968
Picea engelmannii,PIEN,Ambient_HW,Drought,17,20,0,14,14,86,7.05243518972441
Picea engelmannii,PIEN,Ambient_HW,Drought,17.5,20,4,24,24,76,16.455682109357
Picea engelmannii,PIEN,Ambient_HW,Drought,18,20,7,34,34,66,29.6148522482252
Picea engelmannii,PIEN,Ambient_HW,Drought,18.5,20,8,41,41,59,35.4027578467821
Picea engelmannii,PIEN,Ambient_HW,Drought,19,20,10,47,47,53,33.8912735236171
Picea engelmannii,PIEN,Ambient_HW,Drought,19.5,20,15,60,60,40,29.1547594742265
Picea engelmannii,PIEN,Ambient_HW,Drought,20,20,19,69,69,31,24.4559216809172
Picea engelmannii,PIEN,Ambient_HW,Drought,20.5,20,20,70,77,23,18.8763288134553
Picea engelmannii,PIEN,Ambient_HW,Drought,21,20,20,80,84,16,10.5256578741763
Picea engelmannii,PIEN,Ambient_HW,Drought,21.5,20,20,88,88,12,4.61690258438319
Picea engelmannii,PIEN,Ambient_HW,Drought,22,20,20,88,88,12,4.61690258438319
Picea engelmannii,PIEN,Ambient_HW,Drought,22.5,20,20,90,88,12,4.61690258438319
Picea engelmannii,PIEN,Ambient_HW,Drought,23,20,20,90,88,12,4.61690258438319
Picea engelmannii,PIEN,Ambient_HW,Drought,23.5,20,20,NA,88,12,4.61690258438319
Picea engelmannii,PIEN,Ambient_HW,Drought,24,20,20,NA,88,12,4.61690258438319
Picea engelmannii,PIEN,Ambient_HW,Watered,1,5,0,10,10,90,0
Picea engelmannii,PIEN,Ambient_HW,Watered,1.5,5,0,10,10,90,0
Picea engelmannii,PIEN,Ambient_HW,Watered,2,5,0,10,10,90,0
Picea engelmannii,PIEN,Ambient_HW,Watered,2.5,5,0,10,10,90,0
Picea engelmannii,PIEN,Ambient_HW,Watered,3,5,0,10,10,90,0
Picea engelmannii,PIEN,Ambient_HW,Watered,3.5,5,0,10,10,90,0
Picea engelmannii,PIEN,Ambient_HW,Watered,4,5,0,10,10,90,0
Picea engelmannii,PIEN,Ambient_HW,Watered,5,5,0,10,10,90,0
Picea engelmannii,PIEN,Ambient_HW,Watered,5.5,5,0,10,10,90,0
Picea engelmannii,PIEN,Ambient_HW,Watered,6,5,0,10,10,90,0
Picea engelmannii,PIEN,Ambient_HW,Watered,6.5,5,0,10,10,90,0
Picea engelmannii,PIEN,Ambient_HW,Watered,7,5,0,10,10,90,0
Picea engelmannii,PIEN,Ambient_HW,Watered,7.5,5,0,10,10,90,0
Picea engelmannii,PIEN,Ambient_HW,Watered,8,5,0,10,10,90,0
Picea engelmannii,PIEN,Ambient_HW,Watered,8.5,5,0,10,10,90,0
Picea engelmannii,PIEN,Ambient_HW,Watered,9,5,0,10,10,90,0
Picea engelmannii,PIEN,Ambient_HW,Watered,9.5,5,0,10,10,90,0
Picea engelmannii,PIEN,Ambient_HW,Watered,10,5,0,10,10,90,0
Picea engelmannii,PIEN,Ambient_HW,Watered,10.5,5,0,10,10,90,0
Picea engelmannii,PIEN,Ambient_HW,Watered,11,5,0,10,10,90,0
Picea engelmannii,PIEN,Ambient_HW,Watered,11.5,5,0,10,10,90,0
Picea engelmannii,PIEN,Ambient_HW,Watered,12,5,0,10,10,90,0
Picea engelmannii,PIEN,Ambient_HW,Watered,12.5,5,0,10,10,90,0
Picea engelmannii,PIEN,Ambient_HW,Watered,13.5,5,0,13,13,87,6.70820393249937
Picea engelmannii,PIEN,Ambient_HW,Watered,14,5,0,13,13,87,6.70820393249937
Picea engelmannii,PIEN,Ambient_HW,Watered,14.5,5,0,13,13,87,6.70820393249937
Picea engelmannii,PIEN,Ambient_HW,Watered,15,5,0,13,13,87,6.70820393249937
Picea engelmannii,PIEN,Ambient_HW,Watered,15.5,4,0,10,10,90,0
Picea engelmannii,PIEN,Ambient_HW,Watered,16,5,0,13,13,87,6.70820393249937
Picea engelmannii,PIEN,Ambient_HW,Watered,16.5,5,0,10,10,90,0
Picea engelmannii,PIEN,Ambient_HW,Watered,17,5,0,16,16,84,8.21583836257749
Picea engelmannii,PIEN,Ambient_HW,Watered,17.5,5,0,16,16,84,8.21583836257749
Picea engelmannii,PIEN,Ambient_HW,Watered,18,5,0,16,16,84,8.21583836257749
Picea engelmannii,PIEN,Ambient_HW,Watered,18.5,5,0,13,13,87,6.70820393249937
Picea engelmannii,PIEN,Ambient_HW,Watered,19,5,0,16,16,84,8.21583836257749
Picea engelmannii,PIEN,Ambient_HW,Watered,19.5,5,0,13,13,87,6.70820393249937
Picea engelmannii,PIEN,Ambient_HW,Watered,20,5,0,13,13,87,6.70820393249937
Picea engelmannii,PIEN,Ambient_HW,Watered,20.5,5,0,13,13,87,6.70820393249937
Picea engelmannii,PIEN,Ambient_HW,Watered,21,5,0,13,13,87,6.70820393249937
Picea engelmannii,PIEN,Ambient_HW,Watered,21.5,5,0,13,13,87,6.70820393249937
Picea engelmannii,PIEN,Ambient_HW,Watered,22,5,0,13,13,87,6.70820393249937
Picea engelmannii,PIEN,Ambient_HW,Watered,22.5,5,0,16,16,84,8.21583836257749
Picea engelmannii,PIEN,Ambient_HW,Watered,23,5,0,22,22,78,6.70820393249937
Picea engelmannii,PIEN,Ambient_HW,Watered,24,5,0,13,13,87,6.70820393249937
Pinus edulis,PIED,Ambient,Drought,1,19,0,12,12,88,5.61951486949016
Pinus edulis,PIED,Ambient,Drought,1.5,19,0,17,17,83,7.69483764063866
Pinus edulis,PIED,Ambient,Drought,2,19,0,10,10,90,0
Pinus edulis,PIED,Ambient,Drought,2.5,19,0,11,11,89,3.44123600805843
Pinus edulis,PIED,Ambient,Drought,3,19,0,10,10,90,0
Pinus edulis,PIED,Ambient,Drought,3.5,19,0,13,13,87,6.28280862437543
Pinus edulis,PIED,Ambient,Drought,4,19,0,14,14,86,6.78620892538296
Pinus edulis,PIED,Ambient,Drought,4.5,19,0,15,15,85,7.16350399411379
Pinus edulis,PIED,Ambient,Drought,5,19,0,18,18,82,10.7197145811703
Pinus edulis,PIED,Ambient,Drought,5.5,19,0,18,18,82,10.6787212586198
Pinus edulis,PIED,Ambient,Drought,6,19,0,19,19,81,10.5755427881106
Pinus edulis,PIED,Ambient,Drought,6.5,19,0,22,22,78,9.8675438206593
Pinus edulis,PIED,Ambient,Drought,7,19,0,14,14,86,10.2597835208515
Pinus edulis,PIED,Ambient,Drought,7.5,19,0,23,23,77,14.4641116670119
Pinus edulis,PIED,Ambient,Drought,8,19,0,21,21,79,15.1744244666721
Pinus edulis,PIED,Ambient,Drought,8.5,19,0,21,21,79,15.1744244666721
Pinus edulis,PIED,Ambient,Drought,9,19,0,21,21,79,15.1744244666721
Pinus edulis,PIED,Ambient,Drought,10,19,1,23,23,77,19.1523592671262
Pinus edulis,PIED,Ambient,Drought,10.5,19,1,25,25,75,21.7609285577593
Pinus edulis,PIED,Ambient,Drought,11,19,1,26,26,74,22.5202962389498
Pinus edulis,PIED,Ambient,Drought,11.5,19,1,33,33,67,23.7001246079583
Pinus edulis,PIED,Ambient,Drought,12,19,3,31,31,69,22.3966110636074
Pinus edulis,PIED,Ambient,Drought,12.5,19,4,42,42,58,22.3639486412934
Pinus edulis,PIED,Ambient,Drought,13,19,5,40,40,60,25.4118128813772
Pinus edulis,PIED,Ambient,Drought,13.5,19,6,48,48,52,25.3974258492092
Pinus edulis,PIED,Ambient,Drought,14,19,8,51,53,47,25.6750954490103
Pinus edulis,PIED,Ambient,Drought,14.5,19,8,51,57,43,24.7944768420579
Pinus edulis,PIED,Ambient,Drought,15,19,13,62,67,33,23.5733271810741
Pinus edulis,PIED,Ambient,Drought,15.5,19,14,59,66,34,22.8873416839249
Pinus edulis,PIED,Ambient,Drought,16,19,15,67,72,28,20.0911664858025
Pinus edulis,PIED,Ambient,Drought,16.5,19,15,69,76,24,15.4181483403687
Pinus edulis,PIED,Ambient,Drought,17,19,16,76,80,20,12.853197203909
Pinus edulis,PIED,Ambient,Drought,17.5,19,18,64,78,22,14.3575886163796
Pinus edulis,PIED,Ambient,Drought,18.5,19,19,80,84,16,10.6169345032177
Pinus edulis,PIED,Ambient,Drought,19,19,19,80,84,16,10.6169345032177
Pinus edulis,PIED,Ambient,Drought,19.5,19,19,86,86,14,6.78620892538296
Pinus edulis,PIED,Ambient,Drought,20,19,19,88,87,13,6.28280862437543
Pinus edulis,PIED,Ambient,Drought,20.5,19,19,75,87,13,6.28280862437543
Pinus edulis,PIED,Ambient,Drought,21,19,19,NA,87,13,6.28280862437543
Pinus edulis,PIED,Ambient,Drought,21.5,19,19,NA,87,13,6.28280862437543
Pinus edulis,PIED,Ambient,Drought,22,19,19,NA,87,13,6.28280862437543
Pinus edulis,PIED,Ambient,Drought,22.5,19,19,NA,87,13,6.28280862437543
Pinus edulis,PIED,Ambient,Watered,1,5,0,10,10,90,0
Pinus edulis,PIED,Ambient,Watered,1.5,5,0,13,13,87,6.70820393249937
Pinus edulis,PIED,Ambient,Watered,2,5,0,10,10,90,0
Pinus edulis,PIED,Ambient,Watered,2.5,5,0,10,10,90,0
Pinus edulis,PIED,Ambient,Watered,3,5,0,10,10,90,0
Pinus edulis,PIED,Ambient,Watered,3.5,5,0,13,13,87,6.70820393249937
Pinus edulis,PIED,Ambient,Watered,4,5,0,13,13,87,6.70820393249937
Pinus edulis,PIED,Ambient,Watered,4.5,5,0,13,13,87,6.70820393249937
Pinus edulis,PIED,Ambient,Watered,5,5,0,13,13,87,6.70820393249937
Pinus edulis,PIED,Ambient,Watered,5.5,5,0,13,13,87,6.70820393249937
Pinus edulis,PIED,Ambient,Watered,6,5,0,16,16,84,8.21583836257749
Pinus edulis,PIED,Ambient,Watered,6.5,5,0,16,16,84,8.21583836257749
Pinus edulis,PIED,Ambient,Watered,7,5,0,10,10,90,0
Pinus edulis,PIED,Ambient,Watered,7.5,5,0,16,16,84,8.21583836257749
Pinus edulis,PIED,Ambient,Watered,8,5,0,10,10,90,0
Pinus edulis,PIED,Ambient,Watered,8.5,5,0,10,10,90,0
Pinus edulis,PIED,Ambient,Watered,9,5,0,10,10,90,0
Pinus edulis,PIED,Ambient,Watered,10,5,0,10,10,90,0
Pinus edulis,PIED,Ambient,Watered,10.5,5,0,13,13,87,6.70820393249937
Pinus edulis,PIED,Ambient,Watered,11,5,0,10,10,90,0
Pinus edulis,PIED,Ambient,Watered,11.5,5,0,16,16,84,8.21583836257749
Pinus edulis,PIED,Ambient,Watered,12,5,0,16,16,84,8.21583836257749
Pinus edulis,PIED,Ambient,Watered,12.5,5,0,19,19,81,8.21583836257749
Pinus edulis,PIED,Ambient,Watered,13,5,0,13,13,87,6.70820393249937
Pinus edulis,PIED,Ambient,Watered,13.5,5,0,19,19,81,8.21583836257749
Pinus edulis,PIED,Ambient,Watered,14,5,0,16,16,84,8.21583836257749
Pinus edulis,PIED,Ambient,Watered,14.5,5,0,19,19,81,8.21583836257749
Pinus edulis,PIED,Ambient,Watered,15,5,0,21,21,79,17.464249196573
Pinus edulis,PIED,Ambient,Watered,15.5,5,0,24,24,76,16.3554272337961
Pinus edulis,PIED,Ambient,Watered,16,5,0,19,19,81,8.21583836257749
Pinus edulis,PIED,Ambient,Watered,16.5,5,0,24,24,76,16.3554272337961
Pinus edulis,PIED,Ambient,Watered,17,5,0,16,16,84,8.21583836257749
Pinus edulis,PIED,Ambient,Watered,17.5,5,0,13,13,87,6.70820393249937
Pinus edulis,PIED,Ambient,Watered,18.5,5,0,13,13,87,6.70820393249937
Pinus edulis,PIED,Ambient,Watered,19,5,0,13,13,87,6.70820393249937
Pinus edulis,PIED,Ambient,Watered,19.5,5,0,18,18,82,17.8885438199983
Pinus edulis,PIED,Ambient,Watered,20,5,0,21,21,79,17.464249196573
Pinus edulis,PIED,Ambient,Watered,20.5,5,0,21,21,79,17.464249196573
Pinus edulis,PIED,Ambient,Watered,21,5,0,21,21,79,17.464249196573
Pinus edulis,PIED,Ambient,Watered,22.5,5,0,27,27,73,14.4048602908879
Pinus edulis,PIED,Ambient_HW,Drought,1,20,0,13,13,87,6.15587011251092
Pinus edulis,PIED,Ambient_HW,Drought,1.5,20,0,14,14,86,6.66392487478979
Pinus edulis,PIED,Ambient_HW,Drought,2,20,0,10,10,90,0
Pinus edulis,PIED,Ambient_HW,Drought,2.5,20,0,11,11,89,3.35410196624968
Pinus edulis,PIED,Ambient_HW,Drought,3,20,0,10,10,90,0
Pinus edulis,PIED,Ambient_HW,Drought,3.5,20,0,13,13,87,6.15587011251092
Pinus edulis,PIED,Ambient_HW,Drought,4,20,0,12,12,88,5.49521322798785
Pinus edulis,PIED,Ambient_HW,Drought,4.5,20,0,12,12,88,5.49521322798785
Pinus edulis,PIED,Ambient_HW,Drought,5,20,0,13,13,87,6.15587011251092
Pinus edulis,PIED,Ambient_HW,Drought,5.5,20,0,16,16,84,7.53937034925052
Pinus edulis,PIED,Ambient_HW,Drought,6,20,0,14,14,86,7.05243518972441
Pinus edulis,PIED,Ambient_HW,Drought,6.5,20,0,18,18,82,7.69483764063866
Pinus edulis,PIED,Ambient_HW,Drought,7,20,0,12,12,88,5.49521322798785
Pinus edulis,PIED,Ambient_HW,Drought,7.5,20,0,19,19,81,7.53937034925052
Pinus edulis,PIED,Ambient_HW,Drought,8,20,0,17,17,83,7.65626678301061
Pinus edulis,PIED,Ambient_HW,Drought,8.5,20,0,17,17,83,7.65626678301061
Pinus edulis,PIED,Ambient_HW,Drought,9,20,0,17,17,83,7.65626678301061
Pinus edulis,PIED,Ambient_HW,Drought,10,20,0,24,24,76,18.6289955092649
Pinus edulis,PIED,Ambient_HW,Drought,10.5,20,0,25,25,75,18.0259316132708
Pinus edulis,PIED,Ambient_HW,Drought,11,20,0,29,29,71,17.5375536912559
Pinus edulis,PIED,Ambient_HW,Drought,11.5,20,0,38,38,62,23.5235044829187
Pinus edulis,PIED,Ambient_HW,Drought,12,20,5,40,40,60,22.6805620463172
Pinus edulis,PIED,Ambient_HW,Drought,12.5,20,8,55,55,45,23.812590654614
Pinus edulis,PIED,Ambient_HW,Drought,13,20,8,54,54,46,25.0210437747698
Pinus edulis,PIED,Ambient_HW,Drought,13.5,20,10,60,60,40,24.8402792593846
Pinus edulis,PIED,Ambient_HW,Drought,14,20,11,70,70,30,20.7744782694637
Pinus edulis,PIED,Ambient_HW,Drought,14.5,20,14,59,66,34,21.7809066555284
Pinus edulis,PIED,Ambient_HW,Drought,15,20,16,69,73,27,20.0180839295505
Pinus edulis,PIED,Ambient_HW,Drought,15.5,20,17,68,76,24,17.0602646983846
Pinus edulis,PIED,Ambient_HW,Drought,16,20,17,69,76,24,20.0722379629703
Pinus edulis,PIED,Ambient_HW,Drought,16.5,20,19,68,80,20,16.5354483649999
Pinus edulis,PIED,Ambient_HW,Drought,17,20,19,73,82,18,15.1397003377144
Pinus edulis,PIED,Ambient_HW,Drought,17.5,20,19,60,81,19,16.7489198394844
Pinus edulis,PIED,Ambient_HW,Drought,18.5,20,19,74,84,16,15.0350467767462
Pinus edulis,PIED,Ambient_HW,Drought,19,20,19,74,84,16,15.0350467767462
Pinus edulis,PIED,Ambient_HW,Drought,19.5,20,19,84,87,13,6.15587011251092
Pinus edulis,PIED,Ambient_HW,Drought,20,20,20,84,87,13,6.15587011251092
Pinus edulis,PIED,Ambient_HW,Drought,20.5,20,20,90,88,12,4.61690258438319
Pinus edulis,PIED,Ambient_HW,Drought,21,20,20,75,88,12,5.49521322798785
Pinus edulis,PIED,Ambient_HW,Drought,21.5,20,20,NA,88,12,4.61690258438319
Pinus edulis,PIED,Ambient_HW,Drought,22,20,20,NA,88,12,4.61690258438319
Pinus edulis,PIED,Ambient_HW,Drought,22.5,20,20,90,88,12,4.61690258438319
Pinus edulis,PIED,Ambient_HW,Watered,1,5,0,13,13,87,6.70820393249937
Pinus edulis,PIED,Ambient_HW,Watered,1.5,5,0,16,16,84,8.21583836257749
Pinus edulis,PIED,Ambient_HW,Watered,2,5,0,10,10,90,0
Pinus edulis,PIED,Ambient_HW,Watered,2.5,5,0,13,13,87,6.70820393249937
Pinus edulis,PIED,Ambient_HW,Watered,3,5,0,13,13,87,6.70820393249937
Pinus edulis,PIED,Ambient_HW,Watered,3.5,5,0,16,16,84,8.21583836257749
Pinus edulis,PIED,Ambient_HW,Watered,4,5,0,16,16,84,8.21583836257749
Pinus edulis,PIED,Ambient_HW,Watered,4.5,5,0,16,16,84,8.21583836257749
Pinus edulis,PIED,Ambient_HW,Watered,5,5,0,16,16,84,8.21583836257749
Pinus edulis,PIED,Ambient_HW,Watered,5.5,5,0,16,16,84,8.21583836257749
Pinus edulis,PIED,Ambient_HW,Watered,6,5,0,16,16,84,8.21583836257749
Pinus edulis,PIED,Ambient_HW,Watered,6.5,5,0,16,16,84,8.21583836257749
Pinus edulis,PIED,Ambient_HW,Watered,7,5,0,10,10,90,0
Pinus edulis,PIED,Ambient_HW,Watered,7.5,5,0,19,19,81,8.21583836257749
Pinus edulis,PIED,Ambient_HW,Watered,8,5,0,16,16,84,8.21583836257749
Pinus edulis,PIED,Ambient_HW,Watered,8.5,5,0,16,16,84,8.21583836257749
Pinus edulis,PIED,Ambient_HW,Watered,9,5,0,16,16,84,8.21583836257749
Pinus edulis,PIED,Ambient_HW,Watered,10,5,0,16,16,84,8.21583836257749
Pinus edulis,PIED,Ambient_HW,Watered,10.5,5,0,16,16,84,8.21583836257749
Pinus edulis,PIED,Ambient_HW,Watered,11,5,0,16,16,84,8.21583836257749
Pinus edulis,PIED,Ambient_HW,Watered,11.5,5,0,16,16,84,8.21583836257749
Pinus edulis,PIED,Ambient_HW,Watered,12,5,0,16,16,84,8.21583836257749
Pinus edulis,PIED,Ambient_HW,Watered,12.5,5,0,22,22,78,6.70820393249937
Pinus edulis,PIED,Ambient_HW,Watered,13,5,0,16,16,84,8.21583836257749
Pinus edulis,PIED,Ambient_HW,Watered,13.5,5,0,19,19,81,8.21583836257749
Pinus edulis,PIED,Ambient_HW,Watered,14,5,0,22,22,78,6.70820393249937
Pinus edulis,PIED,Ambient_HW,Watered,14.5,5,0,25,25,75,0
Pinus edulis,PIED,Ambient_HW,Watered,15,5,0,22,22,78,6.70820393249937
Pinus edulis,PIED,Ambient_HW,Watered,15.5,5,0,22,22,78,6.70820393249937
Pinus edulis,PIED,Ambient_HW,Watered,16,5,0,22,22,78,6.70820393249937
Pinus edulis,PIED,Ambient_HW,Watered,16.5,5,0,25,25,75,0
Pinus edulis,PIED,Ambient_HW,Watered,17,5,0,25,25,75,0
Pinus edulis,PIED,Ambient_HW,Watered,17.5,4,0,10,10,90,0
Pinus edulis,PIED,Ambient_HW,Watered,18.5,5,0,10,10,90,0
Pinus edulis,PIED,Ambient_HW,Watered,19,5,0,10,10,90,0
Pinus edulis,PIED,Ambient_HW,Watered,19.5,5,0,13,13,87,6.70820393249937
Pinus edulis,PIED,Ambient_HW,Watered,20,5,0,13,13,87,6.70820393249937
Pinus edulis,PIED,Ambient_HW,Watered,20.5,5,0,24,24,76,16.3554272337961
Pinus edulis,PIED,Ambient_HW,Watered,21,5,0,16,16,84,8.21583836257749
Pinus edulis,PIED,Ambient_HW,Watered,22.5,5,0,19,19,81,8.21583836257749
Pinus flexilis,PIFL,Ambient,Drought,1,20,0,11,11,89,3.35410196624968
Pinus flexilis,PIFL,Ambient,Drought,1.5,20,0,12,12,88,4.61690258438319
Pinus flexilis,PIFL,Ambient,Drought,2,20,0,12,12,88,4.61690258438319
Pinus flexilis,PIFL,Ambient,Drought,2.5,20,0,12,12,88,5.49521322798785
Pinus flexilis,PIFL,Ambient,Drought,3,20,0,13,13,87,6.15587011251092
Pinus flexilis,PIFL,Ambient,Drought,3.5,20,0,14,14,86,6.66392487478979
Pinus flexilis,PIFL,Ambient,Drought,4,20,0,13,13,87,6.15587011251092
Pinus flexilis,PIFL,Ambient,Drought,4.5,20,0,16,16,84,7.53937034925052
Pinus flexilis,PIFL,Ambient,Drought,5,20,0,11,11,89,3.35410196624968
Pinus flexilis,PIFL,Ambient,Drought,5.5,20,0,13,13,87,6.15587011251092
Pinus flexilis,PIFL,Ambient,Drought,6,20,0,13,13,87,6.15587011251092
Pinus flexilis,PIFL,Ambient,Drought,6.5,20,0,12,12,88,4.61690258438319
Pinus flexilis,PIFL,Ambient,Drought,7,20,0,12,12,88,4.61690258438319
Pinus flexilis,PIFL,Ambient,Drought,8,20,0,13,13,87,6.15587011251092
Pinus flexilis,PIFL,Ambient,Drought,8.5,20,0,14,14,86,6.66392487478979
Pinus flexilis,PIFL,Ambient,Drought,9,20,0,13,13,87,6.15587011251092
Pinus flexilis,PIFL,Ambient,Drought,9.5,20,0,14,14,86,6.66392487478979
Pinus flexilis,PIFL,Ambient,Drought,10,20,0,14,14,86,6.66392487478979
Pinus flexilis,PIFL,Ambient,Drought,10.5,20,0,14,14,86,7.05243518972441
Pinus flexilis,PIFL,Ambient,Drought,11,20,0,13,13,87,6.15587011251092
Pinus flexilis,PIFL,Ambient,Drought,11.5,20,0,13,13,87,6.15587011251092
Pinus flexilis,PIFL,Ambient,Drought,12,20,0,14,14,86,6.66392487478979
Pinus flexilis,PIFL,Ambient,Drought,12.5,20,0,14,14,86,7.05243518972441
Pinus flexilis,PIFL,Ambient,Drought,13,20,0,13,13,87,6.15587011251092
Pinus flexilis,PIFL,Ambient,Drought,13.5,20,0,13,13,87,6.15587011251092
Pinus flexilis,PIFL,Ambient,Drought,14,20,0,13,13,87,6.15587011251092
Pinus flexilis,PIFL,Ambient,Drought,14.5,20,0,13,13,87,6.15587011251092
Pinus flexilis,PIFL,Ambient,Drought,15,20,0,13,13,87,6.15587011251092
Pinus flexilis,PIFL,Ambient,Drought,15.5,20,0,11,11,89,3.35410196624968
Pinus flexilis,PIFL,Ambient,Drought,16.5,20,0,12,12,88,5.49521322798785
Pinus flexilis,PIFL,Ambient,Drought,17,20,0,12,12,88,5.49521322798785
Pinus flexilis,PIFL,Ambient,Drought,17.5,20,0,14,14,86,10.0361189814851
Pinus flexilis,PIFL,Ambient,Drought,18,20,0,23,23,77,15.327563750522
Pinus flexilis,PIFL,Ambient,Drought,18.5,20,0,14,14,86,7.05243518972441
Pinus flexilis,PIFL,Ambient,Drought,19,20,0,14,14,86,7.05243518972441
Pinus flexilis,PIFL,Ambient,Drought,19.5,20,0,14,14,86,6.66392487478979
Pinus flexilis,PIFL,Ambient,Drought,20,20,0,16,16,84,7.53937034925052
Pinus flexilis,PIFL,Ambient,Drought,20.5,20,0,13,13,87,6.15587011251092
Pinus flexilis,PIFL,Ambient,Drought,21,20,0,14,14,86,7.05243518972441
Pinus flexilis,PIFL,Ambient,Drought,21.5,20,0,14,14,86,7.05243518972441
Pinus flexilis,PIFL,Ambient,Drought,22,20,0,14,14,86,7.05243518972441
Pinus flexilis,PIFL,Ambient,Drought,22.5,20,0,14,14,86,6.66392487478979
Pinus flexilis,PIFL,Ambient,Drought,23,20,0,14,14,86,7.05243518972441
Pinus flexilis,PIFL,Ambient,Drought,23.5,20,0,21,21,79,9.9472291830968
Pinus flexilis,PIFL,Ambient,Drought,24,20,0,22,22,78,9.634778013448
Pinus flexilis,PIFL,Ambient,Drought,24.5,20,0,28,28,72,16.3252307149007
Pinus flexilis,PIFL,Ambient,Drought,25,20,0,22,22,78,9.24804388989767
Pinus flexilis,PIFL,Ambient,Drought,25.5,20,2,30,30,70,16.4216641249168
Pinus flexilis,PIFL,Ambient,Drought,26,20,2,32,32,68,16.9441808051583
Pinus flexilis,PIFL,Ambient,Drought,26.5,20,2,22,22,78,15.6019566924017
Pinus flexilis,PIFL,Ambient,Drought,27,20,2,28,28,72,16.3252307149007
Pinus flexilis,PIFL,Ambient,Drought,27.5,20,2,33,33,67,17.5018795983084
Pinus flexilis,PIFL,Ambient,Drought,28,20,4,36,36,64,22.1002500581233
Pinus flexilis,PIFL,Ambient,Drought,28.5,20,4,45,45,55,20.8377188366623
Pinus flexilis,PIFL,Ambient,Drought,29,20,6,49,49,51,18.9788663629062
Pinus flexilis,PIFL,Ambient,Drought,29.5,20,7,51,54,46,25.1887610693842
Pinus flexilis,PIFL,Ambient,Drought,30,20,8,57,58,42,23.902213066444
Pinus flexilis,PIFL,Ambient,Drought,30.5,20,10,65,66,34,17.6665011577815
Pinus flexilis,PIFL,Ambient,Drought,31,20,14,69,70,30,14.2787106892523
Pinus flexilis,PIFL,Ambient,Drought,31.5,20,16,73,76,24,13.0055656102342
Pinus flexilis,PIFL,Ambient,Drought,32,20,17,76,78,22,13.9924791829115
Pinus flexilis,PIFL,Ambient,Drought,32.5,20,17,73,77,23,11.5165784392487
Pinus flexilis,PIFL,Ambient,Drought,33,20,18,78,80,20,12.5656172487509
Pinus flexilis,PIFL,Ambient,Drought,33.5,20,19,79,81,19,10.4974934351517
Pinus flexilis,PIFL,Ambient,Drought,34,20,19,76,80,20,12.5656172487509
Pinus flexilis,PIFL,Ambient,Drought,34.5,20,19,65,80,20,12.5656172487509
Pinus flexilis,PIFL,Ambient,Drought,35,20,20,70,81,19,10.4974934351517
Pinus flexilis,PIFL,Ambient,Drought,35.5,20,20,72,82,18,10.5630936457281
Pinus flexilis,PIFL,Ambient,Drought,36,20,20,67,81,19,10.4974934351517
Pinus flexilis,PIFL,Ambient,Watered,1,5,0,13,13,87,6.70820393249937
Pinus flexilis,PIFL,Ambient,Watered,1.5,5,0,13,13,87,6.70820393249937
Pinus flexilis,PIFL,Ambient,Watered,2,5,0,13,13,87,6.70820393249937
Pinus flexilis,PIFL,Ambient,Watered,2.5,5,0,13,13,87,6.70820393249937
Pinus flexilis,PIFL,Ambient,Watered,3,5,0,13,13,87,6.70820393249937
Pinus flexilis,PIFL,Ambient,Watered,3.5,5,0,13,13,87,6.70820393249937
Pinus flexilis,PIFL,Ambient,Watered,4,5,0,13,13,87,6.70820393249937
Pinus flexilis,PIFL,Ambient,Watered,4.5,5,0,13,13,87,6.70820393249937
Pinus flexilis,PIFL,Ambient,Watered,5,5,0,10,10,90,0
Pinus flexilis,PIFL,Ambient,Watered,5.5,5,0,13,13,87,6.70820393249937
Pinus flexilis,PIFL,Ambient,Watered,6,5,0,13,13,87,6.70820393249937
Pinus flexilis,PIFL,Ambient,Watered,6.5,5,0,13,13,87,6.70820393249937
Pinus flexilis,PIFL,Ambient,Watered,7,5,0,13,13,87,6.70820393249937
Pinus flexilis,PIFL,Ambient,Watered,8,5,0,13,13,87,6.70820393249937
Pinus flexilis,PIFL,Ambient,Watered,8.5,5,0,13,13,87,6.70820393249937
Pinus flexilis,PIFL,Ambient,Watered,9,5,0,13,13,87,6.70820393249937
Pinus flexilis,PIFL,Ambient,Watered,9.5,5,0,13,13,87,6.70820393249937
Pinus flexilis,PIFL,Ambient,Watered,10,5,0,13,13,87,6.70820393249937
Pinus flexilis,PIFL,Ambient,Watered,10.5,5,0,13,13,87,6.70820393249937
Pinus flexilis,PIFL,Ambient,Watered,11,5,0,13,13,87,6.70820393249937
Pinus flexilis,PIFL,Ambient,Watered,11.5,5,0,13,13,87,6.70820393249937
Pinus flexilis,PIFL,Ambient,Watered,12,5,0,13,13,87,6.70820393249937
Pinus flexilis,PIFL,Ambient,Watered,12.5,5,0,13,13,87,6.70820393249937
Pinus flexilis,PIFL,Ambient,Watered,13,5,0,13,13,87,6.70820393249937
Pinus flexilis,PIFL,Ambient,Watered,13.5,5,0,13,13,87,6.70820393249937
Pinus flexilis,PIFL,Ambient,Watered,14,5,0,13,13,87,6.70820393249937
Pinus flexilis,PIFL,Ambient,Watered,14.5,5,0,13,13,87,6.70820393249937
Pinus flexilis,PIFL,Ambient,Watered,15,5,0,13,13,87,6.70820393249937
Pinus flexilis,PIFL,Ambient,Watered,15.5,5,0,18,18,82,17.8885438199983
Pinus flexilis,PIFL,Ambient,Watered,16.5,5,0,18,18,82,17.8885438199983
Pinus flexilis,PIFL,Ambient,Watered,17,5,0,18,18,82,17.8885438199983
Pinus flexilis,PIFL,Ambient,Watered,17.5,5,0,18,18,82,17.8885438199983
Pinus flexilis,PIFL,Ambient,Watered,18,5,0,31,31,69,30.0832179129826
Pinus flexilis,PIFL,Ambient,Watered,18.5,5,0,13,13,87,6.70820393249937
Pinus flexilis,PIFL,Ambient,Watered,19,5,0,13,13,87,6.70820393249937
Pinus flexilis,PIFL,Ambient,Watered,19.5,5,0,13,13,87,6.70820393249937
Pinus flexilis,PIFL,Ambient,Watered,20,5,0,13,13,87,6.70820393249937
Pinus flexilis,PIFL,Ambient,Watered,20.5,5,0,13,13,87,6.70820393249937
Pinus flexilis,PIFL,Ambient,Watered,21,5,0,13,13,87,6.70820393249937
Pinus flexilis,PIFL,Ambient,Watered,21.5,5,0,13,13,87,6.70820393249937
Pinus flexilis,PIFL,Ambient,Watered,22,5,0,13,13,87,6.70820393249937
Pinus flexilis,PIFL,Ambient,Watered,22.5,5,0,13,13,87,6.70820393249937
Pinus flexilis,PIFL,Ambient,Watered,23,5,0,13,13,87,6.70820393249937
Pinus flexilis,PIFL,Ambient,Watered,23.5,5,0,13,13,87,6.70820393249937
Pinus flexilis,PIFL,Ambient,Watered,24,5,0,16,16,84,8.21583836257749
Pinus flexilis,PIFL,Ambient,Watered,24.5,5,0,16,16,84,8.21583836257749
Pinus flexilis,PIFL,Ambient,Watered,25,5,0,13,13,87,6.70820393249937
Pinus flexilis,PIFL,Ambient,Watered,25.5,5,0,16,16,84,8.21583836257749
Pinus flexilis,PIFL,Ambient,Watered,26,5,0,13,13,87,6.70820393249937
Pinus flexilis,PIFL,Ambient,Watered,26.5,5,0,18,18,82,17.8885438199983
Pinus flexilis,PIFL,Ambient,Watered,27,5,0,13,13,87,6.70820393249937
Pinus flexilis,PIFL,Ambient,Watered,27.5,5,0,13,13,87,6.70820393249937
Pinus flexilis,PIFL,Ambient,Watered,28,5,0,13,13,87,6.70820393249937
Pinus flexilis,PIFL,Ambient,Watered,28.5,5,0,16,16,84,8.21583836257749
Pinus flexilis,PIFL,Ambient,Watered,29,5,0,13,13,87,6.70820393249937
Pinus flexilis,PIFL,Ambient,Watered,29.5,5,0,16,16,84,8.21583836257749
Pinus flexilis,PIFL,Ambient,Watered,30,5,0,13,13,87,6.70820393249937
Pinus flexilis,PIFL,Ambient,Watered,30.5,5,0,13,13,87,6.70820393249937
Pinus flexilis,PIFL,Ambient,Watered,31,5,0,13,13,87,6.70820393249937
Pinus flexilis,PIFL,Ambient,Watered,31.5,5,0,13,13,87,6.70820393249937
Pinus flexilis,PIFL,Ambient,Watered,32,5,0,13,13,87,6.70820393249937
Pinus flexilis,PIFL,Ambient,Watered,32.5,5,0,13,13,87,6.70820393249937
Pinus flexilis,PIFL,Ambient,Watered,33,5,0,13,13,87,6.70820393249937
Pinus flexilis,PIFL,Ambient,Watered,33.5,5,0,13,13,87,6.70820393249937
Pinus flexilis,PIFL,Ambient,Watered,34,5,0,13,13,87,6.70820393249937
Pinus flexilis,PIFL,Ambient,Watered,34.5,5,0,13,13,87,6.70820393249937
Pinus flexilis,PIFL,Ambient,Watered,35,5,0,13,13,87,6.70820393249937
Pinus flexilis,PIFL,Ambient,Watered,35.5,5,0,13,13,87,6.70820393249937
Pinus flexilis,PIFL,Ambient,Watered,36,5,0,13,13,87,6.70820393249937
Pinus flexilis,PIFL,Ambient_HW,Drought,1,20,0,11,11,89,3.35410196624968
Pinus flexilis,PIFL,Ambient_HW,Drought,1.5,20,0,11,11,89,3.35410196624968
Pinus flexilis,PIFL,Ambient_HW,Drought,2,20,0,11,11,89,3.35410196624968
Pinus flexilis,PIFL,Ambient_HW,Drought,2.5,20,0,12,12,88,4.61690258438319
Pinus flexilis,PIFL,Ambient_HW,Drought,3,20,0,13,13,87,9.38573946277851
Pinus flexilis,PIFL,Ambient_HW,Drought,3.5,20,0,13,13,87,9.38573946277851
Pinus flexilis,PIFL,Ambient_HW,Drought,4,20,0,12,12,88,8.94427190999916
Pinus flexilis,PIFL,Ambient_HW,Drought,4.5,20,0,15,15,85,14.9098166178846
Pinus flexilis,PIFL,Ambient_HW,Drought,5,20,0,12,12,88,8.94427190999916
Pinus flexilis,PIFL,Ambient_HW,Drought,5.5,20,0,14,14,86,14.7434195847718
Pinus flexilis,PIFL,Ambient_HW,Drought,6,20,0,13,13,87,14.5344418537486
Pinus flexilis,PIFL,Ambient_HW,Drought,6.5,20,0,13,13,87,14.5344418537486
Pinus flexilis,PIFL,Ambient_HW,Drought,7,20,0,14,14,86,14.7434195847718
Pinus flexilis,PIFL,Ambient_HW,Drought,8,20,1,14,14,86,14.7434195847718
Pinus flexilis,PIFL,Ambient_HW,Drought,8.5,20,1,13,13,87,14.5344418537486
Pinus flexilis,PIFL,Ambient_HW,Drought,9,20,1,13,13,87,14.5344418537486
Pinus flexilis,PIFL,Ambient_HW,Drought,9.5,20,1,14,14,86,14.7434195847718
Pinus flexilis,PIFL,Ambient_HW,Drought,10,20,1,13,13,87,14.5344418537486
Pinus flexilis,PIFL,Ambient_HW,Drought,10.5,20,1,13,13,87,14.5344418537486
Pinus flexilis,PIFL,Ambient_HW,Drought,11,20,1,13,13,87,14.5344418537486
Pinus flexilis,PIFL,Ambient_HW,Drought,11.5,20,1,13,13,87,14.5344418537486
Pinus flexilis,PIFL,Ambient_HW,Drought,12,20,1,13,13,87,14.5344418537486
Pinus flexilis,PIFL,Ambient_HW,Drought,12.5,20,1,10,13,87,14.5344418537486
Pinus flexilis,PIFL,Ambient_HW,Drought,13,20,1,10,13,87,14.5344418537486
Pinus flexilis,PIFL,Ambient_HW,Drought,13.5,20,1,10,13,87,14.5344418537486
Pinus flexilis,PIFL,Ambient_HW,Drought,14,20,1,10,13,87,14.5344418537486
Pinus flexilis,PIFL,Ambient_HW,Drought,14.5,20,1,11,14,86,14.7434195847718
Pinus flexilis,PIFL,Ambient_HW,Drought,15,20,1,10,13,87,14.5344418537486
Pinus flexilis,PIFL,Ambient_HW,Drought,15.5,20,1,11,14,86,14.7434195847718
Pinus flexilis,PIFL,Ambient_HW,Drought,16.5,20,1,12,15,85,14.9098166178846
Pinus flexilis,PIFL,Ambient_HW,Drought,17,20,1,12,15,85,14.9098166178846
Pinus flexilis,PIFL,Ambient_HW,Drought,17.5,20,1,14,18,82,16.8194749276577
Pinus flexilis,PIFL,Ambient_HW,Drought,18,20,1,17,20,80,18.202082009311
Pinus flexilis,PIFL,Ambient_HW,Drought,18.5,20,1,11,14,86,14.7434195847718
Pinus flexilis,PIFL,Ambient_HW,Drought,19,20,1,11,14,86,14.7434195847718
Pinus flexilis,PIFL,Ambient_HW,Drought,19.5,20,1,12,15,85,14.9098166178846
Pinus flexilis,PIFL,Ambient_HW,Drought,20,20,1,12,15,85,14.9098166178846
Pinus flexilis,PIFL,Ambient_HW,Drought,20.5,20,1,10,13,87,14.5344418537486
Pinus flexilis,PIFL,Ambient_HW,Drought,21,20,1,10,13,87,14.5344418537486
Pinus flexilis,PIFL,Ambient_HW,Drought,21.5,20,1,11,14,86,14.7434195847718
Pinus flexilis,PIFL,Ambient_HW,Drought,22,20,1,12,15,85,14.9098166178846
Pinus flexilis,PIFL,Ambient_HW,Drought,22.5,20,1,11,14,86,14.7434195847718
Pinus flexilis,PIFL,Ambient_HW,Drought,23,20,1,14,17,83,15.1657508881031
Pinus flexilis,PIFL,Ambient_HW,Drought,23.5,20,1,23,26,74,17.6665011577815
Pinus flexilis,PIFL,Ambient_HW,Drought,24,20,1,30,32,68,18.0204562124621
Pinus flexilis,PIFL,Ambient_HW,Drought,24.5,20,1,37,39,61,22.8035085019828
Pinus flexilis,PIFL,Ambient_HW,Drought,25,20,1,31,33,67,19.1582742877382
Pinus flexilis,PIFL,Ambient_HW,Drought,25.5,20,2,48,49,51,21.1059358076298
Pinus flexilis,PIFL,Ambient_HW,Drought,26,20,2,41,42,58,23.0830879079992
Pinus flexilis,PIFL,Ambient_HW,Drought,26.5,20,2,44,46,54,23.3733991852637
Pinus flexilis,PIFL,Ambient_HW,Drought,27,20,8,52,54,46,22.010762917503
Pinus flexilis,PIFL,Ambient_HW,Drought,27.5,20,10,51,52,48,17.9546211614902
Pinus flexilis,PIFL,Ambient_HW,Drought,28,20,11,60,61,39,19.7534140953166
Pinus flexilis,PIFL,Ambient_HW,Drought,28.5,20,12,60,61,39,18.0113268455392
Pinus flexilis,PIFL,Ambient_HW,Drought,29,20,13,66,66,34,18.5032002921827
Pinus flexilis,PIFL,Ambient_HW,Drought,29.5,20,15,68,70,30,17.2042681362871
Pinus flexilis,PIFL,Ambient_HW,Drought,30,20,16,70,71,29,17.7408241664603
Pinus flexilis,PIFL,Ambient_HW,Drought,30.5,20,18,76,76,24,13.3869535860774
Pinus flexilis,PIFL,Ambient_HW,Drought,31,20,18,79,78,22,13.9924791829115
Pinus flexilis,PIFL,Ambient_HW,Drought,31.5,20,18,80,79,21,12.3836692122284
Pinus flexilis,PIFL,Ambient_HW,Drought,32,20,19,84,80,20,10.3745640364966
Pinus flexilis,PIFL,Ambient_HW,Drought,32.5,20,19,76,79,21,12.3836692122284
Pinus flexilis,PIFL,Ambient_HW,Drought,33,20,19,81,80,20,10.3745640364966
Pinus flexilis,PIFL,Ambient_HW,Drought,33.5,20,19,62,79,21,12.3836692122284
Pinus flexilis,PIFL,Ambient_HW,Drought,34,20,20,75,80,20,10.3745640364966
Pinus flexilis,PIFL,Ambient_HW,Drought,34.5,20,20,90,82,18,10.5630936457281
Pinus flexilis,PIFL,Ambient_HW,Drought,35,20,20,90,82,18,10.5630936457281
Pinus flexilis,PIFL,Ambient_HW,Drought,35.5,20,20,90,82,18,10.5630936457281
Pinus flexilis,PIFL,Ambient_HW,Drought,36,20,20,90,82,18,10.5630936457281
Pinus flexilis,PIFL,Ambient_HW,Watered,1,5,0,10,10,90,0
Pinus flexilis,PIFL,Ambient_HW,Watered,1.5,5,0,10,10,90,0
Pinus flexilis,PIFL,Ambient_HW,Watered,2,5,0,10,10,90,0
Pinus flexilis,PIFL,Ambient_HW,Watered,2.5,5,0,10,10,90,0
Pinus flexilis,PIFL,Ambient_HW,Watered,3,5,0,10,10,90,0
Pinus flexilis,PIFL,Ambient_HW,Watered,3.5,5,0,10,10,90,0
Pinus flexilis,PIFL,Ambient_HW,Watered,4,5,0,10,10,90,0
Pinus flexilis,PIFL,Ambient_HW,Watered,4.5,5,0,10,10,90,0
Pinus flexilis,PIFL,Ambient_HW,Watered,5,5,0,10,10,90,0
Pinus flexilis,PIFL,Ambient_HW,Watered,5.5,5,0,10,10,90,0
Pinus flexilis,PIFL,Ambient_HW,Watered,6,5,0,10,10,90,0
Pinus flexilis,PIFL,Ambient_HW,Watered,6.5,5,0,10,10,90,0
Pinus flexilis,PIFL,Ambient_HW,Watered,7,5,0,10,10,90,0
Pinus flexilis,PIFL,Ambient_HW,Watered,8,5,0,10,10,90,0
Pinus flexilis,PIFL,Ambient_HW,Watered,8.5,5,0,10,10,90,0
Pinus flexilis,PIFL,Ambient_HW,Watered,9,5,0,10,10,90,0
Pinus flexilis,PIFL,Ambient_HW,Watered,9.5,5,0,10,10,90,0
Pinus flexilis,PIFL,Ambient_HW,Watered,10,5,0,10,10,90,0
Pinus flexilis,PIFL,Ambient_HW,Watered,10.5,5,0,10,10,90,0
Pinus flexilis,PIFL,Ambient_HW,Watered,11,5,0,10,10,90,0
Pinus flexilis,PIFL,Ambient_HW,Watered,11.5,5,0,10,10,90,0
Pinus flexilis,PIFL,Ambient_HW,Watered,12,5,0,10,10,90,0
Pinus flexilis,PIFL,Ambient_HW,Watered,12.5,5,0,10,10,90,0
Pinus flexilis,PIFL,Ambient_HW,Watered,13,5,0,10,10,90,0
Pinus flexilis,PIFL,Ambient_HW,Watered,13.5,5,0,10,10,90,0
Pinus flexilis,PIFL,Ambient_HW,Watered,14,5,0,10,10,90,0
Pinus flexilis,PIFL,Ambient_HW,Watered,14.5,5,0,10,10,90,0
Pinus flexilis,PIFL,Ambient_HW,Watered,15,5,0,10,10,90,0
Pinus flexilis,PIFL,Ambient_HW,Watered,15.5,5,0,10,10,90,0
Pinus flexilis,PIFL,Ambient_HW,Watered,16.5,5,0,10,10,90,0
Pinus flexilis,PIFL,Ambient_HW,Watered,17,5,0,10,10,90,0
Pinus flexilis,PIFL,Ambient_HW,Watered,17.5,5,0,10,10,90,0
Pinus flexilis,PIFL,Ambient_HW,Watered,18,5,0,10,10,90,0
Pinus flexilis,PIFL,Ambient_HW,Watered,18.5,5,0,10,10,90,0
Pinus flexilis,PIFL,Ambient_HW,Watered,19,5,0,10,10,90,0
Pinus flexilis,PIFL,Ambient_HW,Watered,19.5,5,0,10,10,90,0
Pinus flexilis,PIFL,Ambient_HW,Watered,20,5,0,10,10,90,0
Pinus flexilis,PIFL,Ambient_HW,Watered,20.5,5,0,10,10,90,0
Pinus flexilis,PIFL,Ambient_HW,Watered,21,5,0,10,10,90,0
Pinus flexilis,PIFL,Ambient_HW,Watered,21.5,5,0,10,10,90,0
Pinus flexilis,PIFL,Ambient_HW,Watered,22,5,0,10,10,90,0
Pinus flexilis,PIFL,Ambient_HW,Watered,22.5,5,0,10,10,90,0
Pinus flexilis,PIFL,Ambient_HW,Watered,23,5,0,10,10,90,0
Pinus flexilis,PIFL,Ambient_HW,Watered,23.5,5,0,10,10,90,0
Pinus flexilis,PIFL,Ambient_HW,Watered,24,5,0,10,10,90,0
Pinus flexilis,PIFL,Ambient_HW,Watered,24.5,5,0,10,10,90,0
Pinus flexilis,PIFL,Ambient_HW,Watered,25,5,0,10,10,90,0
Pinus flexilis,PIFL,Ambient_HW,Watered,25.5,5,0,13,13,87,6.70820393249937
Pinus flexilis,PIFL,Ambient_HW,Watered,26,5,0,13,13,87,6.70820393249937
Pinus flexilis,PIFL,Ambient_HW,Watered,26.5,5,0,10,10,90,0
Pinus flexilis,PIFL,Ambient_HW,Watered,27,5,0,13,13,87,6.70820393249937
Pinus flexilis,PIFL,Ambient_HW,Watered,27.5,5,0,10,10,90,0
Pinus flexilis,PIFL,Ambient_HW,Watered,28,5,0,10,10,90,0
Pinus flexilis,PIFL,Ambient_HW,Watered,28.5,5,0,10,10,90,0
Pinus flexilis,PIFL,Ambient_HW,Watered,29,5,0,10,10,90,0
Pinus flexilis,PIFL,Ambient_HW,Watered,29.5,5,0,13,13,87,6.70820393249937
Pinus flexilis,PIFL,Ambient_HW,Watered,30,5,0,10,10,90,0
Pinus flexilis,PIFL,Ambient_HW,Watered,30.5,5,0,10,10,90,0
Pinus flexilis,PIFL,Ambient_HW,Watered,31,5,0,10,10,90,0
Pinus flexilis,PIFL,Ambient_HW,Watered,31.5,5,0,10,10,90,0
Pinus flexilis,PIFL,Ambient_HW,Watered,32,5,0,10,10,90,0
Pinus flexilis,PIFL,Ambient_HW,Watered,32.5,5,0,10,10,90,0
Pinus flexilis,PIFL,Ambient_HW,Watered,33,5,0,13,13,87,6.70820393249937
Pinus flexilis,PIFL,Ambient_HW,Watered,33.5,5,0,10,10,90,0
Pinus flexilis,PIFL,Ambient_HW,Watered,34,5,0,10,10,90,0
Pinus flexilis,PIFL,Ambient_HW,Watered,34.5,5,0,10,10,90,0
Pinus flexilis,PIFL,Ambient_HW,Watered,35,5,0,10,10,90,0
Pinus flexilis,PIFL,Ambient_HW,Watered,35.5,5,0,10,10,90,0
Pinus flexilis,PIFL,Ambient_HW,Watered,36,5,0,10,10,90,0
Pinus ponderosa,PIPO,Ambient,Drought,1,20,0,11,11,89,3.35410196624968
Pinus ponderosa,PIPO,Ambient,Drought,1.5,20,0,11,11,89,3.35410196624968
Pinus ponderosa,PIPO,Ambient,Drought,2,20,0,11,11,89,3.35410196624968
Pinus ponderosa,PIPO,Ambient,Drought,2.5,20,0,13,13,87,6.15587011251092
Pinus ponderosa,PIPO,Ambient,Drought,3,20,0,13,13,87,6.15587011251092
Pinus ponderosa,PIPO,Ambient,Drought,3.5,20,0,17,17,83,10.5724318767951
Pinus ponderosa,PIPO,Ambient,Drought,4,20,0,16,16,84,10.5256578741763
Pinus ponderosa,PIPO,Ambient,Drought,4.5,20,0,22,22,78,11.8627013875646
Pinus ponderosa,PIPO,Ambient,Drought,5,20,1,25,25,75,19.5660151121382
Pinus ponderosa,PIPO,Ambient,Drought,5.5,20,1,29,29,71,21.2302539836556
Pinus ponderosa,PIPO,Ambient,Drought,6,20,1,31,31,69,20.2792997906732
Pinus ponderosa,PIPO,Ambient,Drought,6.5,20,1,37,37,63,22.2589426145042
Pinus ponderosa,PIPO,Ambient,Drought,7,20,1,22,22,78,21.8547838915732
Pinus ponderosa,PIPO,Ambient,Drought,7.5,20,1,40,40,60,25.0263019536184
Pinus ponderosa,PIPO,Ambient,Drought,8,20,1,46,46,54,26.421432687558
Pinus ponderosa,PIPO,Ambient,Drought,8.5,20,1,45,45,55,27.241609041279
Pinus ponderosa,PIPO,Ambient,Drought,9,20,1,45,45,55,27.241609041279
Pinus ponderosa,PIPO,Ambient,Drought,10,20,9,59,59,41,27.8907643646083
Pinus ponderosa,PIPO,Ambient,Drought,10.5,20,11,64,64,36,25.6289310206875
Pinus ponderosa,PIPO,Ambient,Drought,11,20,12,70,70,30,19.8679853559757
Pinus ponderosa,PIPO,Ambient,Drought,11.5,20,13,73,73,27,17.2653440528464
Pinus ponderosa,PIPO,Ambient,Drought,12,20,17,68,68,32,16.9441808051583
Pinus ponderosa,PIPO,Ambient,Drought,12.5,20,19,74,74,26,18.8554054793174
Pinus ponderosa,PIPO,Ambient,Drought,13,20,20,71,71,29,18.6572266230316
Pinus ponderosa,PIPO,Ambient,Drought,13.5,20,20,81,81,19,10.4974934351517
Pinus ponderosa,PIPO,Ambient,Drought,14,20,20,66,78,22,13.9924791829115
Pinus ponderosa,PIPO,Ambient,Drought,14.5,20,20,67,81,19,10.4974934351517
Pinus ponderosa,PIPO,Ambient,Drought,15,20,20,80,83,17,7.65626678301061
Pinus ponderosa,PIPO,Ambient,Drought,15.5,20,20,NA,83,17,7.65626678301061
Pinus ponderosa,PIPO,Ambient,Drought,16,20,20,NA,83,17,7.65626678301061
Pinus ponderosa,PIPO,Ambient,Watered,1,5,0,13,13,87,6.70820393249937
Pinus ponderosa,PIPO,Ambient,Watered,1.5,5,0,13,13,87,6.70820393249937
Pinus ponderosa,PIPO,Ambient,Watered,2,5,0,13,13,87,6.70820393249937
Pinus ponderosa,PIPO,Ambient,Watered,2.5,5,0,13,13,87,6.70820393249937
Pinus ponderosa,PIPO,Ambient,Watered,3,5,0,16,16,84,8.21583836257749
Pinus ponderosa,PIPO,Ambient,Watered,3.5,5,0,13,13,87,6.70820393249937
Pinus ponderosa,PIPO,Ambient,Watered,4,5,0,13,13,87,6.70820393249937
Pinus ponderosa,PIPO,Ambient,Watered,4.5,5,0,13,13,87,6.70820393249937
Pinus ponderosa,PIPO,Ambient,Watered,5,5,0,13,13,87,6.70820393249937
Pinus ponderosa,PIPO,Ambient,Watered,5.5,5,0,16,16,84,8.21583836257749
Pinus ponderosa,PIPO,Ambient,Watered,6,5,0,10,10,90,0
Pinus ponderosa,PIPO,Ambient,Watered,6.5,5,0,25,25,75,0
Pinus ponderosa,PIPO,Ambient,Watered,7,5,0,10,10,90,0
Pinus ponderosa,PIPO,Ambient,Watered,7.5,5,0,25,25,75,0
Pinus ponderosa,PIPO,Ambient,Watered,8,5,0,22,22,78,6.70820393249937
Pinus ponderosa,PIPO,Ambient,Watered,8.5,5,0,22,22,78,6.70820393249937
Pinus ponderosa,PIPO,Ambient,Watered,9,5,0,22,22,78,6.70820393249937
Pinus ponderosa,PIPO,Ambient,Watered,10,5,0,16,16,84,8.21583836257749
Pinus ponderosa,PIPO,Ambient,Watered,10.5,5,0,24,24,76,16.3554272337961
Pinus ponderosa,PIPO,Ambient,Watered,11,5,1,26,26,74,28.1513765205185
Pinus ponderosa,PIPO,Ambient,Watered,11.5,5,1,29,29,71,26.7861904719577
Pinus ponderosa,PIPO,Ambient,Watered,12,5,1,32,32,68,24.8997991959775
Pinus ponderosa,PIPO,Ambient,Watered,12.5,5,1,35,35,65,31.4245127249413
Pinus ponderosa,PIPO,Ambient,Watered,13,5,1,26,26,74,35.7770876399966
Pinus ponderosa,PIPO,Ambient,Watered,13.5,5,1,29,29,71,34.7131099154196
Pinus ponderosa,PIPO,Ambient,Watered,14,5,1,18,32,68,33.2791225845875
Pinus ponderosa,PIPO,Ambient,Watered,14.5,5,1,18,32,68,33.2791225845875
Pinus ponderosa,PIPO,Ambient,Watered,15,5,1,18,32,68,33.2791225845875
Pinus ponderosa,PIPO,Ambient,Watered,15.5,5,1,18,32,68,33.2791225845875
Pinus ponderosa,PIPO,Ambient,Watered,16,5,1,18,32,68,33.2791225845875
Pinus ponderosa,PIPO,Ambient_HW,Drought,1,20,0,15,15,85,16.6603058037265
Pinus ponderosa,PIPO,Ambient_HW,Drought,1.5,20,0,16,16,84,12.6595085961003
Pinus ponderosa,PIPO,Ambient_HW,Drought,2,20,0,14,14,86,12.3117402250218
Pinus ponderosa,PIPO,Ambient_HW,Drought,2.5,20,0,17,17,83,12.8144655103437
Pinus ponderosa,PIPO,Ambient_HW,Drought,3,20,0,17,17,83,12.8144655103437
Pinus ponderosa,PIPO,Ambient_HW,Drought,3.5,20,1,21,21,79,22.1597073892899
Pinus ponderosa,PIPO,Ambient_HW,Drought,4,20,1,22,22,78,21.8547838915732
Pinus ponderosa,PIPO,Ambient_HW,Drought,4.5,20,2,25,25,75,23.4787137637478
Pinus ponderosa,PIPO,Ambient_HW,Drought,5,20,2,26,26,74,22.9344030248285
Pinus ponderosa,PIPO,Ambient_HW,Drought,5.5,20,2,29,29,71,22.8035085019828
Pinus ponderosa,PIPO,Ambient_HW,Drought,6,20,2,33,33,67,25.969364542415
Pinus ponderosa,PIPO,Ambient_HW,Drought,6.5,20,3,39,39,61,24.5806941788833
Pinus ponderosa,PIPO,Ambient_HW,Drought,7,20,3,25,25,75,28.6540159764552
Pinus ponderosa,PIPO,Ambient_HW,Drought,7.5,20,3,43,43,57,27.3127596940562
Pinus ponderosa,PIPO,Ambient_HW,Drought,8,20,3,48,48,52,33.6575243796751
Pinus ponderosa,PIPO,Ambient_HW,Drought,8.5,20,3,47,47,53,34.3511280746353
Pinus ponderosa,PIPO,Ambient_HW,Drought,9,20,3,48,48,52,35.1491184287144
Pinus ponderosa,PIPO,Ambient_HW,Drought,10,20,14,55,55,45,28.2132387737612
Pinus ponderosa,PIPO,Ambient_HW,Drought,10.5,20,15,60,60,40,23.4520787991171
Pinus ponderosa,PIPO,Ambient_HW,Drought,11,20,18,62,62,38,23.5919254697115
Pinus ponderosa,PIPO,Ambient_HW,Drought,11.5,20,18,68,68,32,21.5516515425275
Pinus ponderosa,PIPO,Ambient_HW,Drought,12,20,19,68,68,32,19.6197403276984
Pinus ponderosa,PIPO,Ambient_HW,Drought,12.5,20,19,72,72,28,19.1325019686121
Pinus ponderosa,PIPO,Ambient_HW,Drought,13,20,19,72,72,28,19.1325019686121
Pinus ponderosa,PIPO,Ambient_HW,Drought,13.5,20,20,74,74,26,14.2256255065509
Pinus ponderosa,PIPO,Ambient_HW,Drought,14,20,20,62,78,22,13.9924791829115
Pinus ponderosa,PIPO,Ambient_HW,Drought,14.5,20,20,50,78,22,13.9924791829115
Pinus ponderosa,PIPO,Ambient_HW,Drought,15,20,20,75,79,21,12.3836692122284
Pinus ponderosa,PIPO,Ambient_HW,Drought,15.5,20,20,75,79,21,12.3836692122284
Pinus ponderosa,PIPO,Ambient_HW,Drought,16,20,20,75,79,21,12.3836692122284
Pinus ponderosa,PIPO,Ambient_HW,Watered,1,5,0,10,10,90,0
Pinus ponderosa,PIPO,Ambient_HW,Watered,1.5,5,0,10,10,90,0
Pinus ponderosa,PIPO,Ambient_HW,Watered,2,5,0,10,10,90,0
Pinus ponderosa,PIPO,Ambient_HW,Watered,2.5,5,0,10,10,90,0
Pinus ponderosa,PIPO,Ambient_HW,Watered,3,5,0,10,10,90,0
Pinus ponderosa,PIPO,Ambient_HW,Watered,3.5,5,0,13,13,87,6.70820393249937
Pinus ponderosa,PIPO,Ambient_HW,Watered,4,5,0,16,16,84,8.21583836257749
Pinus ponderosa,PIPO,Ambient_HW,Watered,4.5,5,0,16,16,84,8.21583836257749
Pinus ponderosa,PIPO,Ambient_HW,Watered,5,5,0,16,16,84,8.21583836257749
Pinus ponderosa,PIPO,Ambient_HW,Watered,5.5,5,0,19,19,81,8.21583836257749
Pinus ponderosa,PIPO,Ambient_HW,Watered,6,5,0,19,19,81,8.21583836257749
Pinus ponderosa,PIPO,Ambient_HW,Watered,6.5,5,0,22,22,78,6.70820393249937
Pinus ponderosa,PIPO,Ambient_HW,Watered,7,5,0,10,10,90,0
Pinus ponderosa,PIPO,Ambient_HW,Watered,7.5,5,0,22,22,78,6.70820393249937
Pinus ponderosa,PIPO,Ambient_HW,Watered,8,5,0,22,22,78,6.70820393249937
Pinus ponderosa,PIPO,Ambient_HW,Watered,8.5,5,0,22,22,78,6.70820393249937
Pinus ponderosa,PIPO,Ambient_HW,Watered,9,5,0,22,22,78,6.70820393249937
Pinus ponderosa,PIPO,Ambient_HW,Watered,10,5,0,13,13,87,6.70820393249937
Pinus ponderosa,PIPO,Ambient_HW,Watered,10.5,5,0,19,19,81,8.21583836257749
Pinus ponderosa,PIPO,Ambient_HW,Watered,11,5,0,19,19,81,8.21583836257749
Pinus ponderosa,PIPO,Ambient_HW,Watered,11.5,5,0,19,19,81,8.21583836257749
Pinus ponderosa,PIPO,Ambient_HW,Watered,12,5,0,22,22,78,6.70820393249937
Pinus ponderosa,PIPO,Ambient_HW,Watered,12.5,5,0,16,16,84,8.21583836257749
Pinus ponderosa,PIPO,Ambient_HW,Watered,13,5,0,29,29,71,26.7861904719577
Pinus ponderosa,PIPO,Ambient_HW,Watered,13.5,5,1,32,32,68,33.2791225845875
Pinus ponderosa,PIPO,Ambient_HW,Watered,14,5,1,32,32,68,33.2791225845875
Pinus ponderosa,PIPO,Ambient_HW,Watered,14.5,5,1,32,32,68,33.2791225845875
Pinus ponderosa,PIPO,Ambient_HW,Watered,15,5,1,35,35,65,31.4245127249413
Pinus ponderosa,PIPO,Ambient_HW,Watered,15.5,5,1,35,35,65,31.4245127249413
Pinus ponderosa,PIPO,Ambient_HW,Watered,16,5,1,35,35,65,31.4245127249413
Pseudotsuga menziesii,PSME,Ambient,Drought,1,20,0,10,10,90,0
Pseudotsuga menziesii,PSME,Ambient,Drought,1.5,20,0,10,10,90,0
Pseudotsuga menziesii,PSME,Ambient,Drought,2,20,0,10,10,90,0
Pseudotsuga menziesii,PSME,Ambient,Drought,2.5,20,0,10,10,90,0
Pseudotsuga menziesii,PSME,Ambient,Drought,3,20,0,10,10,90,0
Pseudotsuga menziesii,PSME,Ambient,Drought,3.5,20,0,10,10,90,0
Pseudotsuga menziesii,PSME,Ambient,Drought,4,20,0,10,10,90,0
Pseudotsuga menziesii,PSME,Ambient,Drought,4.5,20,0,10,10,90,0
Pseudotsuga menziesii,PSME,Ambient,Drought,5,20,0,10,10,90,0
Pseudotsuga menziesii,PSME,Ambient,Drought,5.5,20,0,10,10,90,0
Pseudotsuga menziesii,PSME,Ambient,Drought,6,20,0,10,10,90,0
Pseudotsuga menziesii,PSME,Ambient,Drought,6.5,20,0,10,10,90,0
Pseudotsuga menziesii,PSME,Ambient,Drought,7,20,0,10,10,90,0
Pseudotsuga menziesii,PSME,Ambient,Drought,8,20,0,10,10,90,0
Pseudotsuga menziesii,PSME,Ambient,Drought,8.5,20,0,10,10,90,0
Pseudotsuga menziesii,PSME,Ambient,Drought,9,20,0,10,10,90,0
Pseudotsuga menziesii,PSME,Ambient,Drought,9.5,20,0,10,10,90,0
Pseudotsuga menziesii,PSME,Ambient,Drought,10,20,0,10,10,90,0
Pseudotsuga menziesii,PSME,Ambient,Drought,10.5,20,0,10,10,90,0
Pseudotsuga menziesii,PSME,Ambient,Drought,11,20,0,10,10,90,0
Pseudotsuga menziesii,PSME,Ambient,Drought,11.5,20,0,10,10,90,0
Pseudotsuga menziesii,PSME,Ambient,Drought,12,20,0,10,10,90,0
Pseudotsuga menziesii,PSME,Ambient,Drought,12.5,20,0,12,12,88,4.61690258438319
Pseudotsuga menziesii,PSME,Ambient,Drought,13,20,0,11,11,89,3.35410196624968
Pseudotsuga menziesii,PSME,Ambient,Drought,13.5,20,0,12,12,88,5.49521322798785
Pseudotsuga menziesii,PSME,Ambient,Drought,14,20,0,11,11,89,3.35410196624968
Pseudotsuga menziesii,PSME,Ambient,Drought,14.5,20,0,14,14,86,9.74679434480896
Pseudotsuga menziesii,PSME,Ambient,Drought,15,20,2,14,14,86,9.74679434480896
Pseudotsuga menziesii,PSME,Ambient,Drought,15.5,20,2,15,15,85,16.6603058037265
Pseudotsuga menziesii,PSME,Ambient,Drought,16.5,20,3,24,24,76,23.902213066444
Pseudotsuga menziesii,PSME,Ambient,Drought,17,20,3,36,36,64,30.9445599334307
Pseudotsuga menziesii,PSME,Ambient,Drought,17.5,20,5,42,42,58,31.6342169843119
Pseudotsuga menziesii,PSME,Ambient,Drought,18,20,5,44,44,56,32.2112680513153
Pseudotsuga menziesii,PSME,Ambient,Drought,18.5,20,8,42,44,56,29.1671679154923
Pseudotsuga menziesii,PSME,Ambient,Drought,19,20,8,45,48,52,30.5002157024297
Pseudotsuga menziesii,PSME,Ambient,Drought,19.5,20,10,43,46,54,28.1864095657912
Pseudotsuga menziesii,PSME,Ambient,Drought,20,20,10,50,52,48,28.4882247142292
Pseudotsuga menziesii,PSME,Ambient,Drought,20.5,20,13,53,55,45,28.0975743474508
Pseudotsuga menziesii,PSME,Ambient,Drought,21,20,17,65,66,34,25.833474815685
Pseudotsuga menziesii,PSME,Ambient,Drought,21.5,20,18,48,65,35,25.9794959636694
Pseudotsuga menziesii,PSME,Ambient,Drought,22,20,18,52,67,33,25.6225127162567
Pseudotsuga menziesii,PSME,Ambient,Drought,22.5,20,18,45,66,34,25.833474815685
Pseudotsuga menziesii,PSME,Ambient,Drought,23,20,20,62,75,25,18.0259316132708
Pseudotsuga menziesii,PSME,Ambient,Drought,23.5,20,20,33,72,28,22.6805620463172
Pseudotsuga menziesii,PSME,Ambient,Drought,24,20,20,50,75,25,18.0259316132708
Pseudotsuga menziesii,PSME,Ambient,Watered,1,5,0,10,10,90,0
Pseudotsuga menziesii,PSME,Ambient,Watered,1.5,5,0,10,10,90,0
Pseudotsuga menziesii,PSME,Ambient,Watered,2,5,0,10,10,90,0
Pseudotsuga menziesii,PSME,Ambient,Watered,2.5,5,0,10,10,90,0
Pseudotsuga menziesii,PSME,Ambient,Watered,3,5,0,10,10,90,0
Pseudotsuga menziesii,PSME,Ambient,Watered,3.5,5,0,10,10,90,0
Pseudotsuga menziesii,PSME,Ambient,Watered,4,5,0,10,10,90,0
Pseudotsuga menziesii,PSME,Ambient,Watered,4.5,5,0,10,10,90,0
Pseudotsuga menziesii,PSME,Ambient,Watered,5,5,0,10,10,90,0
Pseudotsuga menziesii,PSME,Ambient,Watered,5.5,5,0,10,10,90,0
Pseudotsuga menziesii,PSME,Ambient,Watered,6,5,0,10,10,90,0
Pseudotsuga menziesii,PSME,Ambient,Watered,6.5,5,0,10,10,90,0
Pseudotsuga menziesii,PSME,Ambient,Watered,7,5,0,10,10,90,0
Pseudotsuga menziesii,PSME,Ambient,Watered,8,5,0,10,10,90,0
Pseudotsuga menziesii,PSME,Ambient,Watered,8.5,5,0,10,10,90,0
Pseudotsuga menziesii,PSME,Ambient,Watered,9,5,0,10,10,90,0
Pseudotsuga menziesii,PSME,Ambient,Watered,9.5,5,0,10,10,90,0
Pseudotsuga menziesii,PSME,Ambient,Watered,10,5,0,10,10,90,0
Pseudotsuga menziesii,PSME,Ambient,Watered,10.5,5,0,10,10,90,0
Pseudotsuga menziesii,PSME,Ambient,Watered,11,5,0,10,10,90,0
Pseudotsuga menziesii,PSME,Ambient,Watered,11.5,5,0,10,10,90,0
Pseudotsuga menziesii,PSME,Ambient,Watered,12,5,0,10,10,90,0
Pseudotsuga menziesii,PSME,Ambient,Watered,12.5,5,0,10,10,90,0
Pseudotsuga menziesii,PSME,Ambient,Watered,13,5,0,10,10,90,0
Pseudotsuga menziesii,PSME,Ambient,Watered,13.5,5,0,10,10,90,0
Pseudotsuga menziesii,PSME,Ambient,Watered,14,5,0,10,10,90,0
Pseudotsuga menziesii,PSME,Ambient,Watered,14.5,5,0,10,10,90,0
Pseudotsuga menziesii,PSME,Ambient,Watered,15,5,0,10,10,90,0
Pseudotsuga menziesii,PSME,Ambient,Watered,15.5,5,0,10,10,90,0
Pseudotsuga menziesii,PSME,Ambient,Watered,16.5,5,0,10,10,90,0
Pseudotsuga menziesii,PSME,Ambient,Watered,17,5,0,10,10,90,0
Pseudotsuga menziesii,PSME,Ambient,Watered,17.5,5,0,10,10,90,0
Pseudotsuga menziesii,PSME,Ambient,Watered,18,5,0,10,10,90,0
Pseudotsuga menziesii,PSME,Ambient,Watered,18.5,5,0,10,10,90,0
Pseudotsuga menziesii,PSME,Ambient,Watered,19,5,0,10,10,90,0
Pseudotsuga menziesii,PSME,Ambient,Watered,19.5,5,0,10,10,90,0
Pseudotsuga menziesii,PSME,Ambient,Watered,20,5,0,13,13,87,6.70820393249937
Pseudotsuga menziesii,PSME,Ambient,Watered,20.5,5,0,10,10,90,0
Pseudotsuga menziesii,PSME,Ambient,Watered,21,5,0,13,13,87,6.70820393249937
Pseudotsuga menziesii,PSME,Ambient,Watered,21.5,5,0,13,13,87,6.70820393249937
Pseudotsuga menziesii,PSME,Ambient,Watered,22,5,0,16,16,84,8.21583836257749
Pseudotsuga menziesii,PSME,Ambient,Watered,22.5,5,0,10,10,90,0
Pseudotsuga menziesii,PSME,Ambient,Watered,23,5,0,19,19,81,8.21583836257749
Pseudotsuga menziesii,PSME,Ambient,Watered,23.5,5,0,13,13,87,6.70820393249937
Pseudotsuga menziesii,PSME,Ambient,Watered,24,5,0,16,16,84,8.21583836257749
Pseudotsuga menziesii,PSME,Ambient_HW,Drought,1,20,0,10,10,90,0
Pseudotsuga menziesii,PSME,Ambient_HW,Drought,1.5,20,0,10,10,90,0
Pseudotsuga menziesii,PSME,Ambient_HW,Drought,2,20,0,10,10,90,0
Pseudotsuga menziesii,PSME,Ambient_HW,Drought,2.5,20,0,10,10,90,0
Pseudotsuga menziesii,PSME,Ambient_HW,Drought,3,20,0,11,11,89,3.35410196624968
Pseudotsuga menziesii,PSME,Ambient_HW,Drought,3.5,20,0,11,11,89,3.35410196624968
Pseudotsuga menziesii,PSME,Ambient_HW,Drought,4,20,0,11,11,89,3.35410196624968
Pseudotsuga menziesii,PSME,Ambient_HW,Drought,4.5,20,0,11,11,89,3.35410196624968
Pseudotsuga menziesii,PSME,Ambient_HW,Drought,5,20,0,10,10,90,0
Pseudotsuga menziesii,PSME,Ambient_HW,Drought,5.5,20,0,11,11,89,3.35410196624968
Pseudotsuga menziesii,PSME,Ambient_HW,Drought,6,20,0,11,11,89,3.35410196624968
Pseudotsuga menziesii,PSME,Ambient_HW,Drought,6.5,20,0,11,11,89,3.35410196624968
Pseudotsuga menziesii,PSME,Ambient_HW,Drought,7,20,0,11,11,89,3.35410196624968
Pseudotsuga menziesii,PSME,Ambient_HW,Drought,8,20,0,11,11,89,3.35410196624968
Pseudotsuga menziesii,PSME,Ambient_HW,Drought,8.5,20,0,11,11,89,3.35410196624968
Pseudotsuga menziesii,PSME,Ambient_HW,Drought,9,20,0,11,11,89,3.35410196624968
Pseudotsuga menziesii,PSME,Ambient_HW,Drought,9.5,20,0,11,11,89,3.35410196624968
Pseudotsuga menziesii,PSME,Ambient_HW,Drought,10,20,0,11,11,89,3.35410196624968
Pseudotsuga menziesii,PSME,Ambient_HW,Drought,10.5,20,0,11,11,89,3.35410196624968
Pseudotsuga menziesii,PSME,Ambient_HW,Drought,11,20,0,11,11,89,3.35410196624968
Pseudotsuga menziesii,PSME,Ambient_HW,Drought,11.5,20,0,12,12,88,4.61690258438319
Pseudotsuga menziesii,PSME,Ambient_HW,Drought,12,20,0,12,12,88,4.61690258438319
Pseudotsuga menziesii,PSME,Ambient_HW,Drought,12.5,20,0,18,18,82,7.69483764063866
Pseudotsuga menziesii,PSME,Ambient_HW,Drought,13,20,0,18,18,82,7.69483764063866
Pseudotsuga menziesii,PSME,Ambient_HW,Drought,13.5,20,0,25,25,75,16.0979730662623
Pseudotsuga menziesii,PSME,Ambient_HW,Drought,14,20,0,18,18,82,7.65626678301061
Pseudotsuga menziesii,PSME,Ambient_HW,Drought,14.5,20,1,19,19,81,7.53937034925052
Pseudotsuga menziesii,PSME,Ambient_HW,Drought,15,20,7,27,27,73,15.2414773424018
Pseudotsuga menziesii,PSME,Ambient_HW,Drought,15.5,20,8,28,28,72,23.4183913331292
Pseudotsuga menziesii,PSME,Ambient_HW,Drought,16.5,19,8,49,49,51,32.5679676157399
Pseudotsuga menziesii,PSME,Ambient_HW,Drought,17,20,10,60,60,40,32.0320563120594
Pseudotsuga menziesii,PSME,Ambient_HW,Drought,17.5,20,11,58,58,42,27.8376401752432
Pseudotsuga menziesii,PSME,Ambient_HW,Drought,18,20,11,63,63,37,27.0708135704936
Pseudotsuga menziesii,PSME,Ambient_HW,Drought,18.5,20,15,63,64,36,27.4952148946915
Pseudotsuga menziesii,PSME,Ambient_HW,Drought,19,20,15,59,61,39,25.7147817412476
Pseudotsuga menziesii,PSME,Ambient_HW,Drought,19.5,20,16,59,61,39,26.2377791101225
Pseudotsuga menziesii,PSME,Ambient_HW,Drought,20,20,16,70,71,29,24.1309475897435
Pseudotsuga menziesii,PSME,Ambient_HW,Drought,20.5,20,17,76,76,24,18.6289955092649
Pseudotsuga menziesii,PSME,Ambient_HW,Drought,21,20,19,78,78,22,20.9070625186298
Pseudotsuga menziesii,PSME,Ambient_HW,Drought,21.5,20,20,50,78,22,20.9070625186298
Pseudotsuga menziesii,PSME,Ambient_HW,Drought,22,20,20,45,77,23,21.8532786893336
Pseudotsuga menziesii,PSME,Ambient_HW,Drought,22.5,20,20,50,80,20,18.0987786735372
Pseudotsuga menziesii,PSME,Ambient_HW,Drought,23,20,20,56,81,19,16.7489198394844
Pseudotsuga menziesii,PSME,Ambient_HW,Drought,23.5,20,20,25,81,19,16.7489198394844
Pseudotsuga menziesii,PSME,Ambient_HW,Drought,24,20,20,25,81,19,16.7489198394844
Pseudotsuga menziesii,PSME,Ambient_HW,Watered,1,5,0,10,10,90,0
Pseudotsuga menziesii,PSME,Ambient_HW,Watered,1.5,5,0,10,10,90,0
Pseudotsuga menziesii,PSME,Ambient_HW,Watered,2,5,0,10,10,90,0
Pseudotsuga menziesii,PSME,Ambient_HW,Watered,2.5,5,0,10,10,90,0
Pseudotsuga menziesii,PSME,Ambient_HW,Watered,3,5,0,10,10,90,0
Pseudotsuga menziesii,PSME,Ambient_HW,Watered,3.5,5,0,10,10,90,0
Pseudotsuga menziesii,PSME,Ambient_HW,Watered,4,5,0,10,10,90,0
Pseudotsuga menziesii,PSME,Ambient_HW,Watered,4.5,5,0,10,10,90,0
Pseudotsuga menziesii,PSME,Ambient_HW,Watered,5,5,0,10,10,90,0
Pseudotsuga menziesii,PSME,Ambient_HW,Watered,5.5,5,0,10,10,90,0
Pseudotsuga menziesii,PSME,Ambient_HW,Watered,6,5,0,10,10,90,0
Pseudotsuga menziesii,PSME,Ambient_HW,Watered,6.5,5,0,10,10,90,0
Pseudotsuga menziesii,PSME,Ambient_HW,Watered,7,5,0,10,10,90,0
Pseudotsuga menziesii,PSME,Ambient_HW,Watered,8,5,0,10,10,90,0
Pseudotsuga menziesii,PSME,Ambient_HW,Watered,8.5,5,0,10,10,90,0
Pseudotsuga menziesii,PSME,Ambient_HW,Watered,9,5,0,10,10,90,0
Pseudotsuga menziesii,PSME,Ambient_HW,Watered,9.5,5,0,10,10,90,0
Pseudotsuga menziesii,PSME,Ambient_HW,Watered,10,5,0,10,10,90,0
Pseudotsuga menziesii,PSME,Ambient_HW,Watered,10.5,5,0,10,10,90,0
Pseudotsuga menziesii,PSME,Ambient_HW,Watered,11,5,0,10,10,90,0
Pseudotsuga menziesii,PSME,Ambient_HW,Watered,11.5,5,0,10,10,90,0
Pseudotsuga menziesii,PSME,Ambient_HW,Watered,12,5,0,10,10,90,0
Pseudotsuga menziesii,PSME,Ambient_HW,Watered,12.5,5,0,10,10,90,0
Pseudotsuga menziesii,PSME,Ambient_HW,Watered,13,5,0,10,10,90,0
Pseudotsuga menziesii,PSME,Ambient_HW,Watered,13.5,5,0,10,10,90,0
Pseudotsuga menziesii,PSME,Ambient_HW,Watered,14,5,0,10,10,90,0
Pseudotsuga menziesii,PSME,Ambient_HW,Watered,14.5,5,0,10,10,90,0
Pseudotsuga menziesii,PSME,Ambient_HW,Watered,15,5,0,10,10,90,0
Pseudotsuga menziesii,PSME,Ambient_HW,Watered,15.5,5,0,10,10,90,0
Pseudotsuga menziesii,PSME,Ambient_HW,Watered,16.5,5,0,10,10,90,0
Pseudotsuga menziesii,PSME,Ambient_HW,Watered,17,5,0,10,10,90,0
Pseudotsuga menziesii,PSME,Ambient_HW,Watered,17.5,5,0,10,10,90,0
Pseudotsuga menziesii,PSME,Ambient_HW,Watered,18,5,0,10,10,90,0
Pseudotsuga menziesii,PSME,Ambient_HW,Watered,18.5,5,0,10,10,90,0
Pseudotsuga menziesii,PSME,Ambient_HW,Watered,19,5,0,10,10,90,0
Pseudotsuga menziesii,PSME,Ambient_HW,Watered,19.5,5,0,10,10,90,0
Pseudotsuga menziesii,PSME,Ambient_HW,Watered,20,5,0,10,10,90,0
Pseudotsuga menziesii,PSME,Ambient_HW,Watered,20.5,5,0,10,10,90,0
Pseudotsuga menziesii,PSME,Ambient_HW,Watered,21,5,0,10,10,90,0
Pseudotsuga menziesii,PSME,Ambient_HW,Watered,21.5,5,0,10,10,90,0
Pseudotsuga menziesii,PSME,Ambient_HW,Watered,22,5,0,16,16,84,8.21583836257749
Pseudotsuga menziesii,PSME,Ambient_HW,Watered,22.5,5,0,10,10,90,0
Pseudotsuga menziesii,PSME,Ambient_HW,Watered,23,5,0,13,13,87,6.70820393249937
Pseudotsuga menziesii,PSME,Ambient_HW,Watered,23.5,5,0,16,16,84,8.21583836257749
Pseudotsuga menziesii,PSME,Ambient_HW,Watered,24,5,0,16,16,84,8.21583836257749
