Species,SpeciesID,Week,Weight_g,Porometer,PercentBrown,Dead
PIEN,PIEN01,1.0,766,NA,10,alive
PIEN,PIEN01,1.5,NA,NA,10,alive
PIEN,PIEN01,10.0,743,NA,10,alive
PIEN,PIEN01,10.5,NA,NA,10,alive
PIEN,PIEN01,11.0,692,NA,10,alive
PIEN,PIEN01,11.5,NA,NA,10,alive
PIEN,PIEN01,12.0,699,NA,10,alive
PIEN,PIEN01,12.5,NA,NA,10,alive
PIEN,PIEN01,13.0,NA,NA,NA,alive
PIEN,PIEN01,13.5,NA,NA,10,alive
PIEN,PIEN01,14.0,737,NA,10,alive
PIEN,PIEN01,14.5,NA,NA,10,alive
PIEN,PIEN01,15.0,688,NA,10,alive
PIEN,PIEN01,15.5,NA,NA,NA,alive
PIEN,PIEN01,16.0,740,NA,10,alive
PIEN,PIEN01,16.5,NA,NA,10,alive
PIEN,PIEN01,17.0,679,NA,25,alive
PIEN,PIEN01,17.5,NA,NA,25,alive
PIEN,PIEN01,18.0,733,NA,25,alive
PIEN,PIEN01,18.5,NA,NA,10,alive
PIEN,PIEN01,19.0,674,NA,25,alive
PIEN,PIEN01,19.5,NA,NA,10,alive
PIEN,PIEN01,2.0,795,NA,10,alive
PIEN,PIEN01,2.5,NA,NA,10,alive
PIEN,PIEN01,20.0,707,NA,10,alive
PIEN,PIEN01,20.5,NA,NA,10,alive
PIEN,PIEN01,21.0,647,NA,10,alive
PIEN,PIEN01,21.5,NA,NA,10,alive
PIEN,PIEN01,22.0,766,NA,10,alive
PIEN,PIEN01,22.5,NA,NA,25,alive
PIEN,PIEN01,23.0,704,NA,25,alive
PIEN,PIEN01,23.5,NA,NA,NA,alive
PIEN,PIEN01,24.0,721,NA,10,alive
PIEN,PIEN01,3.0,764,NA,10,alive
PIEN,PIEN01,3.5,NA,NA,10,alive
PIEN,PIEN01,4.0,789,NA,10,alive
PIEN,PIEN01,4.5,NA,NA,NA,alive
PIEN,PIEN01,5.0,798,NA,10,alive
PIEN,PIEN01,5.5,NA,NA,10,alive
PIEN,PIEN01,6.0,796,NA,10,alive
PIEN,PIEN01,6.5,NA,NA,10,alive
PIEN,PIEN01,7.0,762,NA,10,alive
PIEN,PIEN01,7.5,NA,NA,10,alive
PIEN,PIEN01,8.0,662,NA,10,alive
PIEN,PIEN01,8.5,NA,NA,10,alive
PIEN,PIEN01,9.0,621,NA,10,alive
PIEN,PIEN01,9.5,NA,NA,10,alive
PIEN,PIEN02,1.0,794,NA,10,alive
PIEN,PIEN02,1.5,NA,NA,10,alive
PIEN,PIEN02,10.0,734,NA,10,alive
PIEN,PIEN02,10.5,NA,NA,10,alive
PIEN,PIEN02,11.0,685,NA,10,alive
PIEN,PIEN02,11.5,NA,NA,10,alive
PIEN,PIEN02,12.0,688,NA,10,alive
PIEN,PIEN02,12.5,NA,NA,10,alive
PIEN,PIEN02,13.0,NA,NA,NA,alive
PIEN,PIEN02,13.5,NA,NA,10,alive
PIEN,PIEN02,14.0,720,NA,10,alive
PIEN,PIEN02,14.5,NA,NA,10,alive
PIEN,PIEN02,15.0,662,NA,10,alive
PIEN,PIEN02,15.5,NA,NA,10,alive
PIEN,PIEN02,16.0,735,NA,10,alive
PIEN,PIEN02,16.5,NA,NA,10,alive
PIEN,PIEN02,17.0,674,NA,10,alive
PIEN,PIEN02,17.5,NA,NA,10,alive
PIEN,PIEN02,18.0,733,NA,10,alive
PIEN,PIEN02,18.5,NA,NA,10,alive
PIEN,PIEN02,19.0,688,NA,10,alive
PIEN,PIEN02,19.5,NA,NA,10,alive
PIEN,PIEN02,2.0,797,NA,10,alive
PIEN,PIEN02,2.5,NA,NA,10,alive
PIEN,PIEN02,20.0,733,NA,10,alive
PIEN,PIEN02,20.5,NA,NA,10,alive
PIEN,PIEN02,21.0,670,NA,10,alive
PIEN,PIEN02,21.5,NA,NA,10,alive
PIEN,PIEN02,22.0,741,NA,10,alive
PIEN,PIEN02,22.5,NA,NA,10,alive
PIEN,PIEN02,23.0,673,NA,10,alive
PIEN,PIEN02,23.5,NA,NA,NA,alive
PIEN,PIEN02,24.0,706,NA,10,alive
PIEN,PIEN02,3.0,767,NA,10,alive
PIEN,PIEN02,3.5,NA,NA,10,alive
PIEN,PIEN02,4.0,792,NA,10,alive
PIEN,PIEN02,4.5,NA,NA,NA,alive
PIEN,PIEN02,5.0,793,NA,10,alive
PIEN,PIEN02,5.5,NA,NA,10,alive
PIEN,PIEN02,6.0,777,NA,10,alive
PIEN,PIEN02,6.5,NA,NA,10,alive
PIEN,PIEN02,7.0,744,NA,10,alive
PIEN,PIEN02,7.5,NA,NA,10,alive
PIEN,PIEN02,8.0,658,NA,10,alive
PIEN,PIEN02,8.5,NA,NA,10,alive
PIEN,PIEN02,9.0,617,NA,10,alive
PIEN,PIEN02,9.5,NA,NA,10,alive
PIEN,PIEN03,1.0,820,204.1,10,alive
PIEN,PIEN03,1.5,NA,NA,10,alive
PIEN,PIEN03,10.0,757,114.2,10,alive
PIEN,PIEN03,10.5,NA,NA,10,alive
PIEN,PIEN03,11.0,711,120,10,alive
PIEN,PIEN03,11.5,NA,NA,10,alive
PIEN,PIEN03,12.0,733,141.7,10,alive
PIEN,PIEN03,12.5,NA,NA,10,alive
PIEN,PIEN03,13.0,NA,49.4,NA,alive
PIEN,PIEN03,13.5,NA,NA,25,alive
PIEN,PIEN03,14.0,747,NA,25,alive
PIEN,PIEN03,14.5,NA,NA,25,alive
PIEN,PIEN03,15.0,695,NA,25,alive
PIEN,PIEN03,15.5,NA,NA,10,alive
PIEN,PIEN03,16.0,742,33.8,25,alive
PIEN,PIEN03,16.5,NA,NA,10,alive
PIEN,PIEN03,17.0,680,70.4,25,alive
PIEN,PIEN03,17.5,NA,NA,25,alive
PIEN,PIEN03,18.0,739,56,25,alive
PIEN,PIEN03,18.5,NA,NA,25,alive
PIEN,PIEN03,19.0,684,41.8,25,alive
PIEN,PIEN03,19.5,NA,NA,25,alive
PIEN,PIEN03,2.0,819,290.6,10,alive
PIEN,PIEN03,2.5,NA,NA,10,alive
PIEN,PIEN03,20.0,711,40.6,25,alive
PIEN,PIEN03,20.5,NA,NA,25,alive
PIEN,PIEN03,21.0,645,66.8,25,alive
PIEN,PIEN03,21.5,NA,NA,25,alive
PIEN,PIEN03,22.0,769,80.2,25,alive
PIEN,PIEN03,22.5,NA,NA,25,alive
PIEN,PIEN03,23.0,696,96,25,alive
PIEN,PIEN03,23.5,NA,NA,NA,alive
PIEN,PIEN03,24.0,732,NA,25,alive
PIEN,PIEN03,3.0,778,144.6,10,alive
PIEN,PIEN03,3.5,NA,NA,10,alive
PIEN,PIEN03,4.0,801,67.3,10,alive
PIEN,PIEN03,4.5,NA,NA,NA,alive
PIEN,PIEN03,5.0,801,127.7,10,alive
PIEN,PIEN03,5.5,NA,NA,10,alive
PIEN,PIEN03,6.0,810,105.8,10,alive
PIEN,PIEN03,6.5,NA,NA,10,alive
PIEN,PIEN03,7.0,769,118.6,10,alive
PIEN,PIEN03,7.5,NA,NA,10,alive
PIEN,PIEN03,8.0,684,84.8,10,alive
PIEN,PIEN03,8.5,NA,NA,10,alive
PIEN,PIEN03,9.0,635,146.2,10,alive
PIEN,PIEN03,9.5,NA,NA,10,alive
PIEN,PIEN04,1.0,821,260.4,10,alive
PIEN,PIEN04,1.5,NA,NA,10,alive
PIEN,PIEN04,10.0,767,132,10,alive
PIEN,PIEN04,10.5,NA,NA,10,alive
PIEN,PIEN04,11.0,720,75.4,10,alive
PIEN,PIEN04,11.5,NA,NA,10,alive
PIEN,PIEN04,12.0,740,146.4,10,alive
PIEN,PIEN04,12.5,NA,NA,10,alive
PIEN,PIEN04,13.0,NA,86.1,NA,alive
PIEN,PIEN04,13.5,NA,NA,10,alive
PIEN,PIEN04,14.0,743,NA,10,alive
PIEN,PIEN04,14.5,NA,NA,10,alive
PIEN,PIEN04,15.0,694,NA,10,alive
PIEN,PIEN04,15.5,NA,NA,10,alive
PIEN,PIEN04,16.0,752,42,10,alive
PIEN,PIEN04,16.5,NA,NA,10,alive
PIEN,PIEN04,17.0,687,82.8,10,alive
PIEN,PIEN04,17.5,NA,NA,10,alive
PIEN,PIEN04,18.0,755,65.7,10,alive
PIEN,PIEN04,18.5,NA,NA,10,alive
PIEN,PIEN04,19.0,704,32.3,10,alive
PIEN,PIEN04,19.5,NA,NA,10,alive
PIEN,PIEN04,2.0,841,227.4,10,alive
PIEN,PIEN04,2.5,NA,NA,10,alive
PIEN,PIEN04,20.0,740,40.7,10,alive
PIEN,PIEN04,20.5,NA,NA,10,alive
PIEN,PIEN04,21.0,676,62.3,10,alive
PIEN,PIEN04,21.5,NA,NA,10,alive
PIEN,PIEN04,22.0,779,81.6,10,alive
PIEN,PIEN04,22.5,NA,NA,10,alive
PIEN,PIEN04,23.0,710,63,25,alive
PIEN,PIEN04,23.5,NA,NA,NA,alive
PIEN,PIEN04,24.0,753,NA,10,alive
PIEN,PIEN04,3.0,805,109.4,10,alive
PIEN,PIEN04,3.5,NA,NA,10,alive
PIEN,PIEN04,4.0,839,126.6,10,alive
PIEN,PIEN04,4.5,NA,NA,NA,alive
PIEN,PIEN04,5.0,835,85.5,10,alive
PIEN,PIEN04,5.5,NA,NA,10,alive
PIEN,PIEN04,6.0,824,74.5,10,alive
PIEN,PIEN04,6.5,NA,NA,10,alive
PIEN,PIEN04,7.0,787,73.8,10,alive
PIEN,PIEN04,7.5,NA,NA,10,alive
PIEN,PIEN04,8.0,700,105.5,10,alive
PIEN,PIEN04,8.5,NA,NA,10,alive
PIEN,PIEN04,9.0,651,129.1,10,alive
PIEN,PIEN04,9.5,NA,NA,10,alive
PIEN,PIEN05,1.0,866,245.2,10,alive
PIEN,PIEN05,1.5,NA,NA,10,alive
PIEN,PIEN05,10.0,778,92.4,10,alive
PIEN,PIEN05,10.5,NA,NA,10,alive
PIEN,PIEN05,11.0,726,98.9,10,alive
PIEN,PIEN05,11.5,NA,NA,10,alive
PIEN,PIEN05,12.0,740,138.1,10,alive
PIEN,PIEN05,12.5,NA,NA,10,alive
PIEN,PIEN05,13.0,NA,92.1,NA,alive
PIEN,PIEN05,13.5,NA,NA,10,alive
PIEN,PIEN05,14.0,756,NA,10,alive
PIEN,PIEN05,14.5,NA,NA,10,alive
PIEN,PIEN05,15.0,705,NA,10,alive
PIEN,PIEN05,15.5,NA,NA,10,alive
PIEN,PIEN05,16.0,753,54.8,10,alive
PIEN,PIEN05,16.5,NA,NA,10,alive
PIEN,PIEN05,17.0,690,84.3,10,alive
PIEN,PIEN05,17.5,NA,NA,10,alive
PIEN,PIEN05,18.0,750,85.8,10,alive
PIEN,PIEN05,18.5,NA,NA,10,alive
PIEN,PIEN05,19.0,687,55.3,10,alive
PIEN,PIEN05,19.5,NA,NA,10,alive
PIEN,PIEN05,2.0,871,182.7,10,alive
PIEN,PIEN05,2.5,NA,NA,10,alive
PIEN,PIEN05,20.0,708,49,10,alive
PIEN,PIEN05,20.5,NA,NA,10,alive
PIEN,PIEN05,21.0,643,91.3,10,alive
PIEN,PIEN05,21.5,NA,NA,10,alive
PIEN,PIEN05,22.0,760,106,10,alive
PIEN,PIEN05,22.5,NA,NA,10,alive
PIEN,PIEN05,23.0,683,91.6,25,alive
PIEN,PIEN05,23.5,NA,NA,NA,alive
PIEN,PIEN05,24.0,702,NA,10,alive
PIEN,PIEN05,3.0,846,160.2,10,alive
PIEN,PIEN05,3.5,NA,NA,10,alive
PIEN,PIEN05,4.0,863,163.2,10,alive
PIEN,PIEN05,4.5,NA,NA,NA,alive
PIEN,PIEN05,5.0,848,118.1,10,alive
PIEN,PIEN05,5.5,NA,NA,10,alive
PIEN,PIEN05,6.0,843,102.6,10,alive
PIEN,PIEN05,6.5,NA,NA,10,alive
PIEN,PIEN05,7.0,808,96.8,10,alive
PIEN,PIEN05,7.5,NA,NA,10,alive
PIEN,PIEN05,8.0,722,84.2,10,alive
PIEN,PIEN05,8.5,NA,NA,10,alive
PIEN,PIEN05,9.0,677,110.9,10,alive
PIEN,PIEN05,9.5,NA,NA,10,alive
PIEN,PIEN06,1.0,755,154.9,10,alive
PIEN,PIEN06,1.5,NA,NA,10,alive
PIEN,PIEN06,10.0,423,137.2,10,alive
PIEN,PIEN06,10.5,NA,NA,10,alive
PIEN,PIEN06,11.0,405,76.5,10,alive
PIEN,PIEN06,11.5,NA,NA,10,alive
PIEN,PIEN06,12.0,391,118.9,10,alive
PIEN,PIEN06,12.5,NA,NA,10,alive
PIEN,PIEN06,13.0,NA,55.6,NA,alive
PIEN,PIEN06,13.5,NA,NA,10,alive
PIEN,PIEN06,14.0,373,NA,10,alive
PIEN,PIEN06,14.5,NA,NA,10,alive
PIEN,PIEN06,15.0,366,NA,10,alive
PIEN,PIEN06,15.5,NA,NA,10,alive
PIEN,PIEN06,16.0,360,22.2,10,alive
PIEN,PIEN06,16.5,NA,NA,10,alive
PIEN,PIEN06,17.0,353,62.3,25,alive
PIEN,PIEN06,17.5,NA,NA,50,alive
PIEN,PIEN06,18.0,345,38.4,90,dead
PIEN,PIEN06,18.5,NA,NA,90,dead
PIEN,PIEN06,19.0,341,NA,90,dead
PIEN,PIEN06,19.5,NA,NA,90,dead
PIEN,PIEN06,2.0,737,155.3,10,alive
PIEN,PIEN06,2.5,NA,NA,10,alive
PIEN,PIEN06,20.0,338,NA,90,dead
PIEN,PIEN06,20.5,NA,NA,NA,dead
PIEN,PIEN06,21.0,NA,NA,NA,dead
PIEN,PIEN06,21.5,NA,NA,NA,dead
PIEN,PIEN06,22.0,NA,NA,NA,dead
PIEN,PIEN06,22.5,NA,NA,NA,dead
PIEN,PIEN06,23.0,NA,NA,NA,dead
PIEN,PIEN06,23.5,NA,NA,NA,dead
PIEN,PIEN06,24.0,NA,NA,NA,dead
PIEN,PIEN06,3.0,714,165.5,10,alive
PIEN,PIEN06,3.5,NA,NA,10,alive
PIEN,PIEN06,4.0,690,87.7,10,alive
PIEN,PIEN06,4.5,NA,NA,NA,alive
PIEN,PIEN06,5.0,664,130.6,10,alive
PIEN,PIEN06,5.5,NA,NA,10,alive
PIEN,PIEN06,6.0,631,114.8,10,alive
PIEN,PIEN06,6.5,NA,NA,10,alive
PIEN,PIEN06,7.0,601,104.7,10,alive
PIEN,PIEN06,7.5,NA,NA,10,alive
PIEN,PIEN06,8.0,487,105.3,10,alive
PIEN,PIEN06,8.5,NA,NA,10,alive
PIEN,PIEN06,9.0,450,150.5,10,alive
PIEN,PIEN06,9.5,NA,NA,10,alive
PIEN,PIEN07,1.0,840,201.3,25,alive
PIEN,PIEN07,1.5,NA,NA,25,alive
PIEN,PIEN07,10.0,574,92.9,25,alive
PIEN,PIEN07,10.5,NA,NA,25,alive
PIEN,PIEN07,11.0,536,77.4,25,alive
PIEN,PIEN07,11.5,NA,NA,25,alive
PIEN,PIEN07,12.0,513,116.5,25,alive
PIEN,PIEN07,12.5,NA,NA,10,alive
PIEN,PIEN07,13.0,NA,58,NA,alive
PIEN,PIEN07,13.5,NA,NA,25,alive
PIEN,PIEN07,14.0,473,NA,25,alive
PIEN,PIEN07,14.5,NA,NA,25,alive
PIEN,PIEN07,15.0,455,NA,25,alive
PIEN,PIEN07,15.5,NA,NA,25,alive
PIEN,PIEN07,16.0,436,28.5,25,alive
PIEN,PIEN07,16.5,NA,NA,25,alive
PIEN,PIEN07,17.0,424,49.8,25,alive
PIEN,PIEN07,17.5,NA,NA,25,alive
PIEN,PIEN07,18.0,415,40,25,alive
PIEN,PIEN07,18.5,NA,NA,25,alive
PIEN,PIEN07,19.0,407,19.6,25,alive
PIEN,PIEN07,19.5,NA,NA,50,dead
PIEN,PIEN07,2.0,827,169.5,10,alive
PIEN,PIEN07,2.5,NA,NA,25,alive
PIEN,PIEN07,20.0,400,21.3,50,dead
PIEN,PIEN07,20.5,NA,NA,75,dead
PIEN,PIEN07,21.0,396,31.9,75,dead
PIEN,PIEN07,21.5,NA,NA,90,dead
PIEN,PIEN07,22.0,394,62.9,90,dead
PIEN,PIEN07,22.5,NA,NA,NA,dead
PIEN,PIEN07,23.0,NA,NA,NA,dead
PIEN,PIEN07,23.5,NA,NA,NA,dead
PIEN,PIEN07,24.0,NA,NA,NA,dead
PIEN,PIEN07,3.0,811,126.3,25,alive
PIEN,PIEN07,3.5,NA,NA,25,alive
PIEN,PIEN07,4.0,792,108.6,25,alive
PIEN,PIEN07,4.5,NA,NA,NA,alive
PIEN,PIEN07,5.0,765,106.1,25,alive
PIEN,PIEN07,5.5,NA,NA,25,alive
PIEN,PIEN07,6.0,746,77.5,25,alive
PIEN,PIEN07,6.5,NA,NA,25,alive
PIEN,PIEN07,7.0,727,71.5,25,alive
PIEN,PIEN07,7.5,NA,NA,25,alive
PIEN,PIEN07,8.0,632,107.8,25,alive
PIEN,PIEN07,8.5,NA,NA,25,alive
PIEN,PIEN07,9.0,602,136.8,25,alive
PIEN,PIEN07,9.5,NA,NA,25,alive
PIEN,PIEN08,1.0,822,223.6,10,alive
PIEN,PIEN08,1.5,NA,NA,25,alive
PIEN,PIEN08,10.0,519,99.3,10,alive
PIEN,PIEN08,10.5,NA,NA,10,alive
PIEN,PIEN08,11.0,489,87.1,10,alive
PIEN,PIEN08,11.5,NA,NA,10,alive
PIEN,PIEN08,12.0,468,108,10,alive
PIEN,PIEN08,12.5,NA,NA,10,alive
PIEN,PIEN08,13.0,NA,55.7,NA,alive
PIEN,PIEN08,13.5,NA,NA,10,alive
PIEN,PIEN08,14.0,435,NA,10,alive
PIEN,PIEN08,14.5,NA,NA,10,alive
PIEN,PIEN08,15.0,420,NA,10,alive
PIEN,PIEN08,15.5,NA,NA,10,alive
PIEN,PIEN08,16.0,409,33.8,10,alive
PIEN,PIEN08,16.5,NA,NA,10,alive
PIEN,PIEN08,17.0,395,78.5,10,alive
PIEN,PIEN08,17.5,NA,NA,25,alive
PIEN,PIEN08,18.0,386,59.2,10,alive
PIEN,PIEN08,18.5,NA,NA,10,alive
PIEN,PIEN08,19.0,378,23.8,25,alive
PIEN,PIEN08,19.5,NA,NA,50,dead
PIEN,PIEN08,2.0,808,121.7,10,alive
PIEN,PIEN08,2.5,NA,NA,10,alive
PIEN,PIEN08,20.0,369,19.3,75,dead
PIEN,PIEN08,20.5,NA,NA,75,dead
PIEN,PIEN08,21.0,364,48.4,90,dead
PIEN,PIEN08,21.5,NA,NA,90,dead
PIEN,PIEN08,22.0,362,NA,90,dead
PIEN,PIEN08,22.5,NA,NA,NA,dead
PIEN,PIEN08,23.0,NA,NA,NA,dead
PIEN,PIEN08,23.5,NA,NA,NA,dead
PIEN,PIEN08,24.0,NA,NA,NA,dead
PIEN,PIEN08,3.0,787,107.9,10,alive
PIEN,PIEN08,3.5,NA,NA,10,alive
PIEN,PIEN08,4.0,767,65.3,10,alive
PIEN,PIEN08,4.5,NA,NA,NA,alive
PIEN,PIEN08,5.0,739,105.6,10,alive
PIEN,PIEN08,5.5,NA,NA,10,alive
PIEN,PIEN08,6.0,715,87.4,10,alive
PIEN,PIEN08,6.5,NA,NA,10,alive
PIEN,PIEN08,7.0,691,102.3,10,alive
PIEN,PIEN08,7.5,NA,NA,10,alive
PIEN,PIEN08,8.0,585,77.2,10,alive
PIEN,PIEN08,8.5,NA,NA,10,alive
PIEN,PIEN08,9.0,549,194.8,10,alive
PIEN,PIEN08,9.5,NA,NA,10,alive
PIEN,PIEN09,1.0,780,253.8,10,alive
PIEN,PIEN09,1.5,NA,NA,10,alive
PIEN,PIEN09,10.0,477,146.5,10,alive
PIEN,PIEN09,10.5,NA,NA,10,alive
PIEN,PIEN09,11.0,459,107.3,10,alive
PIEN,PIEN09,11.5,NA,NA,10,alive
PIEN,PIEN09,12.0,444,113.1,10,alive
PIEN,PIEN09,12.5,NA,NA,10,alive
PIEN,PIEN09,13.0,NA,62.6,NA,alive
PIEN,PIEN09,13.5,NA,NA,10,alive
PIEN,PIEN09,14.0,429,NA,10,alive
PIEN,PIEN09,14.5,NA,NA,10,alive
PIEN,PIEN09,15.0,422,NA,10,alive
PIEN,PIEN09,15.5,NA,NA,10,alive
PIEN,PIEN09,16.0,415,23.9,10,alive
PIEN,PIEN09,16.5,NA,NA,10,alive
PIEN,PIEN09,17.0,407,54.7,25,alive
PIEN,PIEN09,17.5,NA,NA,50,dead
PIEN,PIEN09,18.0,402,36.7,75,dead
PIEN,PIEN09,18.5,NA,NA,90,dead
PIEN,PIEN09,19.0,398,NA,90,dead
PIEN,PIEN09,19.5,NA,NA,90,dead
PIEN,PIEN09,2.0,756,228,10,alive
PIEN,PIEN09,2.5,NA,NA,10,alive
PIEN,PIEN09,20.0,394,NA,90,dead
PIEN,PIEN09,20.5,NA,NA,NA,dead
PIEN,PIEN09,21.0,NA,NA,NA,dead
PIEN,PIEN09,21.5,NA,NA,NA,dead
PIEN,PIEN09,22.0,NA,NA,NA,dead
PIEN,PIEN09,22.5,NA,NA,NA,dead
PIEN,PIEN09,23.0,NA,NA,NA,dead
PIEN,PIEN09,23.5,NA,NA,NA,dead
PIEN,PIEN09,24.0,NA,NA,NA,dead
PIEN,PIEN09,3.0,721,161.7,10,alive
PIEN,PIEN09,3.5,NA,NA,10,alive
PIEN,PIEN09,4.0,694,98.2,10,alive
PIEN,PIEN09,4.5,NA,NA,NA,alive
PIEN,PIEN09,5.0,654,113.4,10,alive
PIEN,PIEN09,5.5,NA,NA,10,alive
PIEN,PIEN09,6.0,625,115.2,10,alive
PIEN,PIEN09,6.5,NA,NA,10,alive
PIEN,PIEN09,7.0,593,124.8,10,alive
PIEN,PIEN09,7.5,NA,NA,10,alive
PIEN,PIEN09,8.0,519,135.6,10,alive
PIEN,PIEN09,8.5,NA,NA,10,alive
PIEN,PIEN09,9.0,496,190.6,10,alive
PIEN,PIEN09,9.5,NA,NA,10,alive
PIEN,PIEN10,1.0,842,173.6,10,alive
PIEN,PIEN10,1.5,NA,NA,10,alive
PIEN,PIEN10,10.0,559,128,10,alive
PIEN,PIEN10,10.5,NA,NA,10,alive
PIEN,PIEN10,11.0,532,103.1,10,alive
PIEN,PIEN10,11.5,NA,NA,10,alive
PIEN,PIEN10,12.0,514,129.9,10,alive
PIEN,PIEN10,12.5,NA,NA,10,alive
PIEN,PIEN10,13.0,NA,56.6,NA,alive
PIEN,PIEN10,13.5,NA,NA,10,alive
PIEN,PIEN10,14.0,483,NA,10,alive
PIEN,PIEN10,14.5,NA,NA,10,alive
PIEN,PIEN10,15.0,470,NA,10,alive
PIEN,PIEN10,15.5,NA,NA,10,alive
PIEN,PIEN10,16.0,459,26.5,10,alive
PIEN,PIEN10,16.5,NA,NA,10,alive
PIEN,PIEN10,17.0,449,67.2,10,alive
PIEN,PIEN10,17.5,NA,NA,10,alive
PIEN,PIEN10,18.0,442,50.7,10,alive
PIEN,PIEN10,18.5,NA,NA,10,alive
PIEN,PIEN10,19.0,435,17.8,25,alive
PIEN,PIEN10,19.5,NA,NA,50,dead
PIEN,PIEN10,2.0,827,171.7,10,alive
PIEN,PIEN10,2.5,NA,NA,10,alive
PIEN,PIEN10,20.0,428,19.4,50,dead
PIEN,PIEN10,20.5,NA,NA,75,dead
PIEN,PIEN10,21.0,423,46.7,75,dead
PIEN,PIEN10,21.5,NA,NA,90,dead
PIEN,PIEN10,22.0,421,73.9,90,dead
PIEN,PIEN10,22.5,NA,NA,NA,dead
PIEN,PIEN10,23.0,NA,NA,NA,dead
PIEN,PIEN10,23.5,NA,NA,NA,dead
PIEN,PIEN10,24.0,NA,NA,NA,dead
PIEN,PIEN10,3.0,803,79,10,alive
PIEN,PIEN10,3.5,NA,NA,10,alive
PIEN,PIEN10,4.0,783,88.9,10,alive
PIEN,PIEN10,4.5,NA,NA,NA,alive
PIEN,PIEN10,5.0,754,111.3,10,alive
PIEN,PIEN10,5.5,NA,NA,10,alive
PIEN,PIEN10,6.0,733,104.5,10,alive
PIEN,PIEN10,6.5,NA,NA,10,alive
PIEN,PIEN10,7.0,704,91.2,10,alive
PIEN,PIEN10,7.5,NA,NA,10,alive
PIEN,PIEN10,8.0,622,87.3,10,alive
PIEN,PIEN10,8.5,NA,NA,10,alive
PIEN,PIEN10,9.0,587,124.6,10,alive
PIEN,PIEN10,9.5,NA,NA,10,alive
PIEN,PIEN11,1.0,921,175.1,10,alive
PIEN,PIEN11,1.5,NA,NA,10,alive
PIEN,PIEN11,10.0,610,125.1,10,alive
PIEN,PIEN11,10.5,NA,NA,10,alive
PIEN,PIEN11,11.0,583,79.3,10,alive
PIEN,PIEN11,11.5,NA,NA,10,alive
PIEN,PIEN11,12.0,563,109.3,10,alive
PIEN,PIEN11,12.5,NA,NA,10,alive
PIEN,PIEN11,13.0,NA,64.4,NA,alive
PIEN,PIEN11,13.5,NA,NA,10,alive
PIEN,PIEN11,14.0,536,NA,10,alive
PIEN,PIEN11,14.5,NA,NA,10,alive
PIEN,PIEN11,15.0,521,NA,10,alive
PIEN,PIEN11,15.5,NA,NA,10,alive
PIEN,PIEN11,16.0,509,30.1,10,alive
PIEN,PIEN11,16.5,NA,NA,10,alive
PIEN,PIEN11,17.0,497,67,10,alive
PIEN,PIEN11,17.5,NA,NA,10,alive
PIEN,PIEN11,18.0,491,49,10,alive
PIEN,PIEN11,18.5,NA,NA,10,alive
PIEN,PIEN11,19.0,482,32.7,10,alive
PIEN,PIEN11,19.5,NA,NA,10,alive
PIEN,PIEN11,2.0,906,128.2,10,alive
PIEN,PIEN11,2.5,NA,NA,10,alive
PIEN,PIEN11,20.0,474,28.8,25,dead
PIEN,PIEN11,20.5,NA,NA,50,dead
PIEN,PIEN11,21.0,467,40.9,75,dead
PIEN,PIEN11,21.5,NA,NA,90,dead
PIEN,PIEN11,22.0,464,80.5,90,dead
PIEN,PIEN11,22.5,NA,NA,NA,dead
PIEN,PIEN11,23.0,NA,NA,NA,dead
PIEN,PIEN11,23.5,NA,NA,NA,dead
PIEN,PIEN11,24.0,NA,NA,NA,dead
PIEN,PIEN11,3.0,893,157.2,10,alive
PIEN,PIEN11,3.5,NA,NA,10,alive
PIEN,PIEN11,4.0,874,114.4,10,alive
PIEN,PIEN11,4.5,NA,NA,NA,alive
PIEN,PIEN11,5.0,852,114.2,10,alive
PIEN,PIEN11,5.5,NA,NA,10,alive
PIEN,PIEN11,6.0,828,98.4,10,alive
PIEN,PIEN11,6.5,NA,NA,10,alive
PIEN,PIEN11,7.0,802,77.8,10,alive
PIEN,PIEN11,7.5,NA,NA,10,alive
PIEN,PIEN11,8.0,682,85.7,10,alive
PIEN,PIEN11,8.5,NA,NA,10,alive
PIEN,PIEN11,9.0,643,168.5,10,alive
PIEN,PIEN11,9.5,NA,NA,10,alive
PIEN,PIEN12,1.0,806,320.8,10,alive
PIEN,PIEN12,1.5,NA,NA,10,alive
PIEN,PIEN12,10.0,523,116.9,10,alive
PIEN,PIEN12,10.5,NA,NA,10,alive
PIEN,PIEN12,11.0,485,115.5,10,alive
PIEN,PIEN12,11.5,NA,NA,10,alive
PIEN,PIEN12,12.0,463,130.3,10,alive
PIEN,PIEN12,12.5,NA,NA,10,alive
PIEN,PIEN12,13.0,NA,76.7,NA,alive
PIEN,PIEN12,13.5,NA,NA,10,alive
PIEN,PIEN12,14.0,439,NA,10,alive
PIEN,PIEN12,14.5,NA,NA,10,alive
PIEN,PIEN12,15.0,430,NA,10,alive
PIEN,PIEN12,15.5,NA,NA,10,alive
PIEN,PIEN12,16.0,420,29.1,10,alive
PIEN,PIEN12,16.5,NA,NA,10,alive
PIEN,PIEN12,17.0,413,67.2,10,alive
PIEN,PIEN12,17.5,NA,NA,10,alive
PIEN,PIEN12,18.0,407,53.5,25,alive
PIEN,PIEN12,18.5,NA,NA,25,alive
PIEN,PIEN12,19.0,400,22.9,50,dead
PIEN,PIEN12,19.5,NA,NA,75,dead
PIEN,PIEN12,2.0,788,356.1,10,alive
PIEN,PIEN12,2.5,NA,NA,10,alive
PIEN,PIEN12,20.0,395,NA,90,dead
PIEN,PIEN12,20.5,NA,NA,90,dead
PIEN,PIEN12,21.0,391,NA,90,dead
PIEN,PIEN12,21.5,NA,NA,NA,dead
PIEN,PIEN12,22.0,NA,NA,NA,dead
PIEN,PIEN12,22.5,NA,NA,NA,dead
PIEN,PIEN12,23.0,NA,NA,NA,dead
PIEN,PIEN12,23.5,NA,NA,NA,dead
PIEN,PIEN12,24.0,NA,NA,NA,dead
PIEN,PIEN12,3.0,756,180.3,10,alive
PIEN,PIEN12,3.5,NA,NA,10,alive
PIEN,PIEN12,4.0,733,138.8,10,alive
PIEN,PIEN12,4.5,NA,NA,NA,alive
PIEN,PIEN12,5.0,704,152.6,10,alive
PIEN,PIEN12,5.5,NA,NA,10,alive
PIEN,PIEN12,6.0,682,121.3,10,alive
PIEN,PIEN12,6.5,NA,NA,10,alive
PIEN,PIEN12,7.0,662,120.1,10,alive
PIEN,PIEN12,7.5,NA,NA,10,alive
PIEN,PIEN12,8.0,578,101.9,10,alive
PIEN,PIEN12,8.5,NA,NA,10,alive
PIEN,PIEN12,9.0,546,151,10,alive
PIEN,PIEN12,9.5,NA,NA,10,alive
PIEN,PIEN13,1.0,834,210.8,10,alive
PIEN,PIEN13,1.5,NA,NA,10,alive
PIEN,PIEN13,10.0,592,135.6,10,alive
PIEN,PIEN13,10.5,NA,NA,10,alive
PIEN,PIEN13,11.0,553,154.1,10,alive
PIEN,PIEN13,11.5,NA,NA,10,alive
PIEN,PIEN13,12.0,523,159.6,10,alive
PIEN,PIEN13,12.5,NA,NA,10,alive
PIEN,PIEN13,13.0,NA,104.5,NA,alive
PIEN,PIEN13,13.5,NA,NA,10,alive
PIEN,PIEN13,14.0,484,NA,10,alive
PIEN,PIEN13,14.5,NA,NA,10,alive
PIEN,PIEN13,15.0,466,NA,10,alive
PIEN,PIEN13,15.5,NA,NA,10,alive
PIEN,PIEN13,16.0,455,37.2,10,alive
PIEN,PIEN13,16.5,NA,NA,10,alive
PIEN,PIEN13,17.0,441,66.3,10,alive
PIEN,PIEN13,17.5,NA,NA,25,alive
PIEN,PIEN13,18.0,431,55.3,10,alive
PIEN,PIEN13,18.5,NA,NA,10,alive
PIEN,PIEN13,19.0,423,22.1,10,alive
PIEN,PIEN13,19.5,NA,NA,10,alive
PIEN,PIEN13,2.0,820,253.2,10,alive
PIEN,PIEN13,2.5,NA,NA,10,alive
PIEN,PIEN13,20.0,414,23.7,25,alive
PIEN,PIEN13,20.5,NA,NA,25,dead
PIEN,PIEN13,21.0,407,59.1,75,dead
PIEN,PIEN13,21.5,NA,NA,90,dead
PIEN,PIEN13,22.0,405,NA,90,dead
PIEN,PIEN13,22.5,NA,NA,90,dead
PIEN,PIEN13,23.0,400,NA,90,dead
PIEN,PIEN13,23.5,NA,NA,NA,dead
PIEN,PIEN13,24.0,NA,NA,NA,dead
PIEN,PIEN13,3.0,799,174.9,10,alive
PIEN,PIEN13,3.5,NA,NA,10,alive
PIEN,PIEN13,4.0,783,165.2,10,alive
PIEN,PIEN13,4.5,NA,NA,NA,alive
PIEN,PIEN13,5.0,752,169.1,10,alive
PIEN,PIEN13,5.5,NA,NA,10,alive
PIEN,PIEN13,6.0,734,125.5,10,alive
PIEN,PIEN13,6.5,NA,NA,10,alive
PIEN,PIEN13,7.0,718,120,10,alive
PIEN,PIEN13,7.5,NA,NA,10,alive
PIEN,PIEN13,8.0,638,96.7,10,alive
PIEN,PIEN13,8.5,NA,NA,10,alive
PIEN,PIEN13,9.0,613,174.1,10,alive
PIEN,PIEN13,9.5,NA,NA,10,alive
PIEN,PIEN14,1.0,856,319.6,25,alive
PIEN,PIEN14,1.5,NA,NA,25,alive
PIEN,PIEN14,10.0,534,129,10,alive
PIEN,PIEN14,10.5,NA,NA,10,alive
PIEN,PIEN14,11.0,504,137.4,10,alive
PIEN,PIEN14,11.5,NA,NA,10,alive
PIEN,PIEN14,12.0,484,136.2,10,alive
PIEN,PIEN14,12.5,NA,NA,10,alive
PIEN,PIEN14,13.0,NA,56.7,NA,alive
PIEN,PIEN14,13.5,NA,NA,10,alive
PIEN,PIEN14,14.0,463,NA,10,alive
PIEN,PIEN14,14.5,NA,NA,10,alive
PIEN,PIEN14,15.0,454,NA,10,alive
PIEN,PIEN14,15.5,NA,NA,10,alive
PIEN,PIEN14,16.0,446,19.8,10,alive
PIEN,PIEN14,16.5,NA,NA,10,alive
PIEN,PIEN14,17.0,438,63.8,10,alive
PIEN,PIEN14,17.5,NA,NA,25,alive
PIEN,PIEN14,18.0,432,47.3,50,dead
PIEN,PIEN14,18.5,NA,NA,75,dead
PIEN,PIEN14,19.0,424,NA,90,dead
PIEN,PIEN14,19.5,NA,NA,90,dead
PIEN,PIEN14,2.0,836,243.8,10,alive
PIEN,PIEN14,2.5,NA,NA,25,alive
PIEN,PIEN14,20.0,420,NA,90,dead
PIEN,PIEN14,20.5,NA,NA,NA,dead
PIEN,PIEN14,21.0,NA,NA,NA,dead
PIEN,PIEN14,21.5,NA,NA,NA,dead
PIEN,PIEN14,22.0,NA,NA,NA,dead
PIEN,PIEN14,22.5,NA,NA,NA,dead
PIEN,PIEN14,23.0,NA,NA,NA,dead
PIEN,PIEN14,23.5,NA,NA,NA,dead
PIEN,PIEN14,24.0,NA,NA,NA,dead
PIEN,PIEN14,3.0,796,202,25,alive
PIEN,PIEN14,3.5,NA,NA,25,alive
PIEN,PIEN14,4.0,770,167.3,25,alive
PIEN,PIEN14,4.5,NA,NA,NA,alive
PIEN,PIEN14,5.0,735,125.7,10,alive
PIEN,PIEN14,5.5,NA,NA,10,alive
PIEN,PIEN14,6.0,711,132.8,10,alive
PIEN,PIEN14,6.5,NA,NA,10,alive
PIEN,PIEN14,7.0,687,88.7,10,alive
PIEN,PIEN14,7.5,NA,NA,10,alive
PIEN,PIEN14,8.0,594,131.7,10,alive
PIEN,PIEN14,8.5,NA,NA,10,alive
PIEN,PIEN14,9.0,560,156.2,10,alive
PIEN,PIEN14,9.5,NA,NA,10,alive
PIEN,PIEN15,1.0,851,148,10,alive
PIEN,PIEN15,1.5,NA,NA,25,alive
PIEN,PIEN15,10.0,528,140.1,10,alive
PIEN,PIEN15,10.5,NA,NA,10,alive
PIEN,PIEN15,11.0,506,91.9,10,alive
PIEN,PIEN15,11.5,NA,NA,10,alive
PIEN,PIEN15,12.0,486,126.2,10,alive
PIEN,PIEN15,12.5,NA,NA,10,alive
PIEN,PIEN15,13.0,NA,59.1,NA,alive
PIEN,PIEN15,13.5,NA,NA,10,alive
PIEN,PIEN15,14.0,463,NA,10,alive
PIEN,PIEN15,14.5,NA,NA,10,alive
PIEN,PIEN15,15.0,451,NA,10,alive
PIEN,PIEN15,15.5,NA,NA,10,alive
PIEN,PIEN15,16.0,442,28.1,10,alive
PIEN,PIEN15,16.5,NA,NA,10,alive
PIEN,PIEN15,17.0,433,65,10,alive
PIEN,PIEN15,17.5,NA,NA,10,alive
PIEN,PIEN15,18.0,426,44.1,25,alive
PIEN,PIEN15,18.5,NA,NA,10,alive
PIEN,PIEN15,19.0,418,22.9,25,alive
PIEN,PIEN15,19.5,NA,NA,50,dead
PIEN,PIEN15,2.0,834,280,10,alive
PIEN,PIEN15,2.5,NA,NA,10,alive
PIEN,PIEN15,20.0,411,35,75,dead
PIEN,PIEN15,20.5,NA,NA,90,dead
PIEN,PIEN15,21.0,406,NA,90,dead
PIEN,PIEN15,21.5,NA,NA,90,dead
PIEN,PIEN15,22.0,405,NA,90,dead
PIEN,PIEN15,22.5,NA,NA,NA,dead
PIEN,PIEN15,23.0,NA,NA,NA,dead
PIEN,PIEN15,23.5,NA,NA,NA,dead
PIEN,PIEN15,24.0,NA,NA,NA,dead
PIEN,PIEN15,3.0,809,100.5,10,alive
PIEN,PIEN15,3.5,NA,NA,10,alive
PIEN,PIEN15,4.0,789,126,10,alive
PIEN,PIEN15,4.5,NA,NA,NA,alive
PIEN,PIEN15,5.0,765,143.3,10,alive
PIEN,PIEN15,5.5,NA,NA,10,alive
PIEN,PIEN15,6.0,740,89,10,alive
PIEN,PIEN15,6.5,NA,NA,10,alive
PIEN,PIEN15,7.0,708,103.7,10,alive
PIEN,PIEN15,7.5,NA,NA,10,alive
PIEN,PIEN15,8.0,603,131.5,10,alive
PIEN,PIEN15,8.5,NA,NA,10,alive
PIEN,PIEN15,9.0,558,144.3,10,alive
PIEN,PIEN15,9.5,NA,NA,10,alive
PIEN,PIEN16,1.0,801,NA,10,alive
PIEN,PIEN16,1.5,NA,NA,25,alive
PIEN,PIEN16,10.0,483,NA,10,alive
PIEN,PIEN16,10.5,NA,NA,10,alive
PIEN,PIEN16,11.0,466,NA,10,alive
PIEN,PIEN16,11.5,NA,NA,10,alive
PIEN,PIEN16,12.0,455,NA,10,alive
PIEN,PIEN16,12.5,NA,NA,10,alive
PIEN,PIEN16,13.0,NA,NA,NA,alive
PIEN,PIEN16,13.5,NA,NA,10,alive
PIEN,PIEN16,14.0,437,NA,10,alive
PIEN,PIEN16,14.5,NA,NA,10,alive
PIEN,PIEN16,15.0,429,NA,10,alive
PIEN,PIEN16,15.5,NA,NA,10,alive
PIEN,PIEN16,16.0,420,NA,10,alive
PIEN,PIEN16,16.5,NA,NA,10,alive
PIEN,PIEN16,17.0,414,NA,10,alive
PIEN,PIEN16,17.5,NA,NA,10,alive
PIEN,PIEN16,18.0,408,NA,25,alive
PIEN,PIEN16,18.5,NA,NA,25,alive
PIEN,PIEN16,19.0,402,NA,25,alive
PIEN,PIEN16,19.5,NA,NA,50,dead
PIEN,PIEN16,2.0,778,NA,10,alive
PIEN,PIEN16,2.5,NA,NA,10,alive
PIEN,PIEN16,20.0,397,NA,75,dead
PIEN,PIEN16,20.5,NA,NA,75,dead
PIEN,PIEN16,21.0,393,NA,75,dead
PIEN,PIEN16,21.5,NA,NA,90,dead
PIEN,PIEN16,22.0,391,NA,90,dead
PIEN,PIEN16,22.5,NA,NA,NA,dead
PIEN,PIEN16,23.0,NA,NA,NA,dead
PIEN,PIEN16,23.5,NA,NA,NA,dead
PIEN,PIEN16,24.0,NA,NA,NA,dead
PIEN,PIEN16,3.0,740,NA,10,alive
PIEN,PIEN16,3.5,NA,NA,10,alive
PIEN,PIEN16,4.0,711,NA,10,alive
PIEN,PIEN16,4.5,NA,NA,NA,alive
PIEN,PIEN16,5.0,683,NA,10,alive
PIEN,PIEN16,5.5,NA,NA,10,alive
PIEN,PIEN16,6.0,651,NA,10,alive
PIEN,PIEN16,6.5,NA,NA,10,alive
PIEN,PIEN16,7.0,622,NA,10,alive
PIEN,PIEN16,7.5,NA,NA,10,alive
PIEN,PIEN16,8.0,531,NA,10,alive
PIEN,PIEN16,8.5,NA,NA,10,alive
PIEN,PIEN16,9.0,504,NA,10,alive
PIEN,PIEN16,9.5,NA,NA,10,alive
PIEN,PIEN17,1.0,815,NA,10,alive
PIEN,PIEN17,1.5,NA,NA,25,alive
PIEN,PIEN17,10.0,487,NA,10,alive
PIEN,PIEN17,10.5,NA,NA,10,alive
PIEN,PIEN17,11.0,461,NA,10,alive
PIEN,PIEN17,11.5,NA,NA,10,alive
PIEN,PIEN17,12.0,445,NA,10,alive
PIEN,PIEN17,12.5,NA,NA,10,alive
PIEN,PIEN17,13.0,NA,NA,NA,alive
PIEN,PIEN17,13.5,NA,NA,10,alive
PIEN,PIEN17,14.0,425,NA,10,alive
PIEN,PIEN17,14.5,NA,NA,10,alive
PIEN,PIEN17,15.0,416,NA,10,alive
PIEN,PIEN17,15.5,NA,NA,10,alive
PIEN,PIEN17,16.0,409,NA,10,alive
PIEN,PIEN17,16.5,NA,NA,10,alive
PIEN,PIEN17,17.0,402,NA,25,alive
PIEN,PIEN17,17.5,NA,NA,50,dead
PIEN,PIEN17,18.0,397,NA,90,dead
PIEN,PIEN17,18.5,NA,NA,90,dead
PIEN,PIEN17,19.0,393,NA,90,dead
PIEN,PIEN17,19.5,NA,NA,90,dead
PIEN,PIEN17,2.0,793,NA,10,alive
PIEN,PIEN17,2.5,NA,NA,10,alive
PIEN,PIEN17,20.0,389,NA,90,dead
PIEN,PIEN17,20.5,NA,NA,NA,dead
PIEN,PIEN17,21.0,NA,NA,NA,dead
PIEN,PIEN17,21.5,NA,NA,NA,dead
PIEN,PIEN17,22.0,NA,NA,NA,dead
PIEN,PIEN17,22.5,NA,NA,NA,dead
PIEN,PIEN17,23.0,NA,NA,NA,dead
PIEN,PIEN17,23.5,NA,NA,NA,dead
PIEN,PIEN17,24.0,NA,NA,NA,dead
PIEN,PIEN17,3.0,754,NA,10,alive
PIEN,PIEN17,3.5,NA,NA,10,alive
PIEN,PIEN17,4.0,726,NA,10,alive
PIEN,PIEN17,4.5,NA,NA,NA,alive
PIEN,PIEN17,5.0,688,NA,10,alive
PIEN,PIEN17,5.5,NA,NA,10,alive
PIEN,PIEN17,6.0,662,NA,10,alive
PIEN,PIEN17,6.5,NA,NA,10,alive
PIEN,PIEN17,7.0,642,NA,10,alive
PIEN,PIEN17,7.5,NA,NA,10,alive
PIEN,PIEN17,8.0,540,NA,10,alive
PIEN,PIEN17,8.5,NA,NA,10,alive
PIEN,PIEN17,9.0,513,NA,10,alive
PIEN,PIEN17,9.5,NA,NA,10,alive
PIEN,PIEN18,1.0,813,NA,10,alive
PIEN,PIEN18,1.5,NA,NA,10,alive
PIEN,PIEN18,10.0,521,NA,10,alive
PIEN,PIEN18,10.5,NA,NA,10,alive
PIEN,PIEN18,11.0,503,NA,10,alive
PIEN,PIEN18,11.5,NA,NA,10,alive
PIEN,PIEN18,12.0,485,NA,10,alive
PIEN,PIEN18,12.5,NA,NA,10,alive
PIEN,PIEN18,13.0,NA,NA,NA,alive
PIEN,PIEN18,13.5,NA,NA,10,alive
PIEN,PIEN18,14.0,458,NA,10,alive
PIEN,PIEN18,14.5,NA,NA,10,alive
PIEN,PIEN18,15.0,444,NA,10,alive
PIEN,PIEN18,15.5,NA,NA,10,alive
PIEN,PIEN18,16.0,433,NA,10,alive
PIEN,PIEN18,16.5,NA,NA,10,alive
PIEN,PIEN18,17.0,422,NA,10,alive
PIEN,PIEN18,17.5,NA,NA,10,alive
PIEN,PIEN18,18.0,413,NA,10,alive
PIEN,PIEN18,18.5,NA,NA,10,alive
PIEN,PIEN18,19.0,406,NA,25,alive
PIEN,PIEN18,19.5,NA,NA,25,alive
PIEN,PIEN18,2.0,798,NA,10,alive
PIEN,PIEN18,2.5,NA,NA,10,alive
PIEN,PIEN18,20.0,398,NA,50,dead
PIEN,PIEN18,20.5,NA,NA,50,dead
PIEN,PIEN18,21.0,392,NA,50,dead
PIEN,PIEN18,21.5,NA,NA,75,dead
PIEN,PIEN18,22.0,389,NA,75,dead
PIEN,PIEN18,22.5,NA,NA,NA,dead
PIEN,PIEN18,23.0,NA,NA,NA,dead
PIEN,PIEN18,23.5,NA,NA,NA,dead
PIEN,PIEN18,24.0,NA,NA,NA,dead
PIEN,PIEN18,3.0,768,NA,10,alive
PIEN,PIEN18,3.5,NA,NA,10,alive
PIEN,PIEN18,4.0,750,NA,10,alive
PIEN,PIEN18,4.5,NA,NA,NA,alive
PIEN,PIEN18,5.0,713,NA,10,alive
PIEN,PIEN18,5.5,NA,NA,10,alive
PIEN,PIEN18,6.0,687,NA,10,alive
PIEN,PIEN18,6.5,NA,NA,10,alive
PIEN,PIEN18,7.0,664,NA,10,alive
PIEN,PIEN18,7.5,NA,NA,10,alive
PIEN,PIEN18,8.0,572,NA,10,alive
PIEN,PIEN18,8.5,NA,NA,10,alive
PIEN,PIEN18,9.0,542,NA,10,alive
PIEN,PIEN18,9.5,NA,NA,10,alive
PIEN,PIEN19,1.0,793,NA,10,alive
PIEN,PIEN19,1.5,NA,NA,10,alive
PIEN,PIEN19,10.0,466,NA,10,alive
PIEN,PIEN19,10.5,NA,NA,10,alive
PIEN,PIEN19,11.0,447,NA,10,alive
PIEN,PIEN19,11.5,NA,NA,10,alive
PIEN,PIEN19,12.0,436,NA,10,alive
PIEN,PIEN19,12.5,NA,NA,10,alive
PIEN,PIEN19,13.0,NA,NA,NA,alive
PIEN,PIEN19,13.5,NA,NA,10,alive
PIEN,PIEN19,14.0,421,NA,10,alive
PIEN,PIEN19,14.5,NA,NA,10,alive
PIEN,PIEN19,15.0,413,NA,10,alive
PIEN,PIEN19,15.5,NA,NA,10,alive
PIEN,PIEN19,16.0,407,NA,10,alive
PIEN,PIEN19,16.5,NA,NA,10,alive
PIEN,PIEN19,17.0,399,NA,25,alive
PIEN,PIEN19,17.5,NA,NA,50,dead
PIEN,PIEN19,18.0,394,NA,75,dead
PIEN,PIEN19,18.5,NA,NA,90,dead
PIEN,PIEN19,19.0,391,NA,90,dead
PIEN,PIEN19,19.5,NA,NA,90,dead
PIEN,PIEN19,2.0,766,NA,10,alive
PIEN,PIEN19,2.5,NA,NA,10,alive
PIEN,PIEN19,20.0,388,NA,90,dead
PIEN,PIEN19,20.5,NA,NA,NA,dead
PIEN,PIEN19,21.0,NA,NA,NA,dead
PIEN,PIEN19,21.5,NA,NA,NA,dead
PIEN,PIEN19,22.0,NA,NA,NA,dead
PIEN,PIEN19,22.5,NA,NA,NA,dead
PIEN,PIEN19,23.0,NA,NA,NA,dead
PIEN,PIEN19,23.5,NA,NA,NA,dead
PIEN,PIEN19,24.0,NA,NA,NA,dead
PIEN,PIEN19,3.0,730,NA,10,alive
PIEN,PIEN19,3.5,NA,NA,10,alive
PIEN,PIEN19,4.0,702,NA,10,alive
PIEN,PIEN19,4.5,NA,NA,NA,alive
PIEN,PIEN19,5.0,661,NA,10,alive
PIEN,PIEN19,5.5,NA,NA,10,alive
PIEN,PIEN19,6.0,621,NA,10,alive
PIEN,PIEN19,6.5,NA,NA,10,alive
PIEN,PIEN19,7.0,591,NA,10,alive
PIEN,PIEN19,7.5,NA,NA,10,alive
PIEN,PIEN19,8.0,513,NA,10,alive
PIEN,PIEN19,8.5,NA,NA,10,alive
PIEN,PIEN19,9.0,487,NA,10,alive
PIEN,PIEN19,9.5,NA,NA,10,alive
PIEN,PIEN20,1.0,860,NA,10,alive
PIEN,PIEN20,1.5,NA,NA,10,alive
PIEN,PIEN20,10.0,552,NA,10,alive
PIEN,PIEN20,10.5,NA,NA,10,alive
PIEN,PIEN20,11.0,524,NA,10,alive
PIEN,PIEN20,11.5,NA,NA,10,alive
PIEN,PIEN20,12.0,507,NA,10,alive
PIEN,PIEN20,12.5,NA,NA,10,alive
PIEN,PIEN20,13.0,NA,NA,NA,alive
PIEN,PIEN20,13.5,NA,NA,10,alive
PIEN,PIEN20,14.0,NA,NA,10,alive
PIEN,PIEN20,14.5,NA,NA,10,alive
PIEN,PIEN20,15.0,468,NA,10,alive
PIEN,PIEN20,15.5,NA,NA,10,alive
PIEN,PIEN20,16.0,455,NA,10,alive
PIEN,PIEN20,16.5,NA,NA,10,alive
PIEN,PIEN20,17.0,445,NA,10,alive
PIEN,PIEN20,17.5,NA,NA,10,alive
PIEN,PIEN20,18.0,437,NA,10,alive
PIEN,PIEN20,18.5,NA,NA,10,alive
PIEN,PIEN20,19.0,430,NA,10,alive
PIEN,PIEN20,19.5,NA,NA,25,alive
PIEN,PIEN20,2.0,836,NA,10,alive
PIEN,PIEN20,2.5,NA,NA,10,alive
PIEN,PIEN20,20.0,423,NA,25,dead
PIEN,PIEN20,20.5,NA,NA,75,dead
PIEN,PIEN20,21.0,417,NA,90,dead
PIEN,PIEN20,21.5,NA,NA,90,dead
PIEN,PIEN20,22.0,415,NA,90,dead
PIEN,PIEN20,22.5,NA,NA,NA,dead
PIEN,PIEN20,23.0,NA,NA,NA,dead
PIEN,PIEN20,23.5,NA,NA,NA,dead
PIEN,PIEN20,24.0,NA,NA,NA,dead
PIEN,PIEN20,3.0,809,NA,10,alive
PIEN,PIEN20,3.5,NA,NA,10,alive
PIEN,PIEN20,4.0,789,NA,10,alive
PIEN,PIEN20,4.5,NA,NA,NA,alive
PIEN,PIEN20,5.0,763,NA,10,alive
PIEN,PIEN20,5.5,NA,NA,10,alive
PIEN,PIEN20,6.0,735,NA,10,alive
PIEN,PIEN20,6.5,NA,NA,10,alive
PIEN,PIEN20,7.0,708,NA,10,alive
PIEN,PIEN20,7.5,NA,NA,10,alive
PIEN,PIEN20,8.0,621,NA,10,alive
PIEN,PIEN20,8.5,NA,NA,10,alive
PIEN,PIEN20,9.0,586,NA,10,alive
PIEN,PIEN20,9.5,NA,NA,10,alive
PIEN,PIEN21,1.0,764,NA,10,alive
PIEN,PIEN21,1.5,NA,NA,10,alive
PIEN,PIEN21,10.0,461,NA,10,alive
PIEN,PIEN21,10.5,NA,NA,10,alive
PIEN,PIEN21,11.0,447,NA,10,alive
PIEN,PIEN21,11.5,NA,NA,10,alive
PIEN,PIEN21,12.0,437,NA,10,alive
PIEN,PIEN21,12.5,NA,NA,10,alive
PIEN,PIEN21,13.0,NA,NA,NA,alive
PIEN,PIEN21,13.5,NA,NA,10,alive
PIEN,PIEN21,14.0,422,NA,10,alive
PIEN,PIEN21,14.5,NA,NA,10,alive
PIEN,PIEN21,15.0,415,NA,10,alive
PIEN,PIEN21,15.5,NA,NA,10,alive
PIEN,PIEN21,16.0,408,NA,10,alive
PIEN,PIEN21,16.5,NA,NA,10,alive
PIEN,PIEN21,17.0,400,NA,25,alive
PIEN,PIEN21,17.5,NA,NA,50,dead
PIEN,PIEN21,18.0,394,NA,75,dead
PIEN,PIEN21,18.5,NA,NA,90,dead
PIEN,PIEN21,19.0,391,NA,90,dead
PIEN,PIEN21,19.5,NA,NA,90,dead
PIEN,PIEN21,2.0,736,NA,10,alive
PIEN,PIEN21,2.5,NA,NA,10,alive
PIEN,PIEN21,20.0,389,NA,90,dead
PIEN,PIEN21,20.5,NA,NA,NA,dead
PIEN,PIEN21,21.0,NA,NA,NA,dead
PIEN,PIEN21,21.5,NA,NA,NA,dead
PIEN,PIEN21,22.0,NA,NA,NA,dead
PIEN,PIEN21,22.5,NA,NA,NA,dead
PIEN,PIEN21,23.0,NA,NA,NA,dead
PIEN,PIEN21,23.5,NA,NA,NA,dead
PIEN,PIEN21,24.0,NA,NA,NA,dead
PIEN,PIEN21,3.0,704,NA,10,alive
PIEN,PIEN21,3.5,NA,NA,10,alive
PIEN,PIEN21,4.0,674,NA,10,alive
PIEN,PIEN21,4.5,NA,NA,NA,alive
PIEN,PIEN21,5.0,643,NA,10,alive
PIEN,PIEN21,5.5,NA,NA,10,alive
PIEN,PIEN21,6.0,614,NA,10,alive
PIEN,PIEN21,6.5,NA,NA,10,alive
PIEN,PIEN21,7.0,582,NA,10,alive
PIEN,PIEN21,7.5,NA,NA,10,alive
PIEN,PIEN21,8.0,499,NA,10,alive
PIEN,PIEN21,8.5,NA,NA,10,alive
PIEN,PIEN21,9.0,478,NA,10,alive
PIEN,PIEN21,9.5,NA,NA,10,alive
PIEN,PIEN22,1.0,771,NA,10,alive
PIEN,PIEN22,1.5,NA,NA,10,alive
PIEN,PIEN22,10.0,453,NA,10,alive
PIEN,PIEN22,10.5,NA,NA,10,alive
PIEN,PIEN22,11.0,437,NA,10,alive
PIEN,PIEN22,11.5,NA,NA,10,alive
PIEN,PIEN22,12.0,427,NA,10,alive
PIEN,PIEN22,12.5,NA,NA,10,alive
PIEN,PIEN22,13.0,NA,NA,NA,alive
PIEN,PIEN22,13.5,NA,NA,10,alive
PIEN,PIEN22,14.0,413,NA,10,alive
PIEN,PIEN22,14.5,NA,NA,10,alive
PIEN,PIEN22,15.0,406,NA,10,alive
PIEN,PIEN22,15.5,NA,NA,10,alive
PIEN,PIEN22,16.0,398,NA,10,alive
PIEN,PIEN22,16.5,NA,NA,10,alive
PIEN,PIEN22,17.0,392,NA,10,alive
PIEN,PIEN22,17.5,NA,NA,10,alive
PIEN,PIEN22,18.0,388,NA,25,dead
PIEN,PIEN22,18.5,NA,NA,75,dead
PIEN,PIEN22,19.0,381,NA,90,dead
PIEN,PIEN22,19.5,NA,NA,90,dead
PIEN,PIEN22,2.0,743,NA,10,alive
PIEN,PIEN22,2.5,NA,NA,10,alive
PIEN,PIEN22,20.0,378,NA,90,dead
PIEN,PIEN22,20.5,NA,NA,NA,dead
PIEN,PIEN22,21.0,NA,NA,NA,dead
PIEN,PIEN22,21.5,NA,NA,NA,dead
PIEN,PIEN22,22.0,NA,NA,NA,dead
PIEN,PIEN22,22.5,NA,NA,NA,dead
PIEN,PIEN22,23.0,NA,NA,NA,dead
PIEN,PIEN22,23.5,NA,NA,NA,dead
PIEN,PIEN22,24.0,NA,NA,NA,dead
PIEN,PIEN22,3.0,717,NA,10,alive
PIEN,PIEN22,3.5,NA,NA,10,alive
PIEN,PIEN22,4.0,688,NA,10,alive
PIEN,PIEN22,4.5,NA,NA,NA,alive
PIEN,PIEN22,5.0,654,NA,10,alive
PIEN,PIEN22,5.5,NA,NA,10,alive
PIEN,PIEN22,6.0,621,NA,10,alive
PIEN,PIEN22,6.5,NA,NA,10,alive
PIEN,PIEN22,7.0,589,NA,10,alive
PIEN,PIEN22,7.5,NA,NA,10,alive
PIEN,PIEN22,8.0,496,NA,10,alive
PIEN,PIEN22,8.5,NA,NA,10,alive
PIEN,PIEN22,9.0,470,NA,10,alive
PIEN,PIEN22,9.5,NA,NA,10,alive
PIEN,PIEN23,1.0,774,NA,25,alive
PIEN,PIEN23,1.5,NA,NA,25,alive
PIEN,PIEN23,10.0,487,NA,25,alive
PIEN,PIEN23,10.5,NA,NA,25,alive
PIEN,PIEN23,11.0,468,NA,10,alive
PIEN,PIEN23,11.5,NA,NA,10,alive
PIEN,PIEN23,12.0,455,NA,10,alive
PIEN,PIEN23,12.5,NA,NA,10,alive
PIEN,PIEN23,13.0,NA,NA,NA,alive
PIEN,PIEN23,13.5,NA,NA,10,alive
PIEN,PIEN23,14.0,431,NA,10,alive
PIEN,PIEN23,14.5,NA,NA,10,alive
PIEN,PIEN23,15.0,418,NA,25,alive
PIEN,PIEN23,15.5,NA,NA,10,alive
PIEN,PIEN23,16.0,408,NA,10,alive
PIEN,PIEN23,16.5,NA,NA,10,alive
PIEN,PIEN23,17.0,400,NA,10,alive
PIEN,PIEN23,17.5,NA,NA,25,alive
PIEN,PIEN23,18.0,393,NA,10,alive
PIEN,PIEN23,18.5,NA,NA,10,alive
PIEN,PIEN23,19.0,387,NA,10,alive
PIEN,PIEN23,19.5,NA,NA,25,alive
PIEN,PIEN23,2.0,751,NA,25,alive
PIEN,PIEN23,2.5,NA,NA,25,alive
PIEN,PIEN23,20.0,381,NA,50,dead
PIEN,PIEN23,20.5,NA,NA,50,dead
PIEN,PIEN23,21.0,376,NA,75,dead
PIEN,PIEN23,21.5,NA,NA,NA,dead
PIEN,PIEN23,22.0,NA,NA,NA,dead
PIEN,PIEN23,22.5,NA,NA,NA,dead
PIEN,PIEN23,23.0,NA,NA,NA,dead
PIEN,PIEN23,23.5,NA,NA,NA,dead
PIEN,PIEN23,24.0,NA,NA,NA,dead
PIEN,PIEN23,3.0,722,NA,25,alive
PIEN,PIEN23,3.5,NA,NA,25,alive
PIEN,PIEN23,4.0,702,NA,25,alive
PIEN,PIEN23,4.5,NA,NA,NA,alive
PIEN,PIEN23,5.0,676,NA,25,alive
PIEN,PIEN23,5.5,NA,NA,25,alive
PIEN,PIEN23,6.0,647,NA,25,alive
PIEN,PIEN23,6.5,NA,NA,25,alive
PIEN,PIEN23,7.0,617,NA,25,alive
PIEN,PIEN23,7.5,NA,NA,25,alive
PIEN,PIEN23,8.0,533,NA,25,alive
PIEN,PIEN23,8.5,NA,NA,25,alive
PIEN,PIEN23,9.0,506,NA,25,alive
PIEN,PIEN23,9.5,NA,NA,25,alive
PIEN,PIEN24,1.0,848,NA,10,alive
PIEN,PIEN24,1.5,NA,NA,10,alive
PIEN,PIEN24,10.0,499,NA,25,alive
PIEN,PIEN24,10.5,NA,NA,10,alive
PIEN,PIEN24,11.0,484,NA,10,alive
PIEN,PIEN24,11.5,NA,NA,10,alive
PIEN,PIEN24,12.0,477,NA,10,alive
PIEN,PIEN24,12.5,NA,NA,10,alive
PIEN,PIEN24,13.0,NA,NA,NA,alive
PIEN,PIEN24,13.5,NA,NA,10,alive
PIEN,PIEN24,14.0,462,NA,10,alive
PIEN,PIEN24,14.5,NA,NA,10,alive
PIEN,PIEN24,15.0,456,NA,10,alive
PIEN,PIEN24,15.5,NA,NA,10,alive
PIEN,PIEN24,16.0,448,NA,10,alive
PIEN,PIEN24,16.5,NA,NA,10,alive
PIEN,PIEN24,17.0,442,NA,10,alive
PIEN,PIEN24,17.5,NA,NA,25,alive
PIEN,PIEN24,18.0,437,NA,25,alive
PIEN,PIEN24,18.5,NA,NA,50,dead
PIEN,PIEN24,19.0,433,NA,50,dead
PIEN,PIEN24,19.5,NA,NA,75,dead
PIEN,PIEN24,2.0,822,NA,10,alive
PIEN,PIEN24,2.5,NA,NA,10,alive
PIEN,PIEN24,20.0,430,NA,90,dead
PIEN,PIEN24,20.5,NA,NA,90,dead
PIEN,PIEN24,21.0,427,NA,90,dead
PIEN,PIEN24,21.5,NA,NA,NA,dead
PIEN,PIEN24,22.0,NA,NA,NA,dead
PIEN,PIEN24,22.5,NA,NA,NA,dead
PIEN,PIEN24,23.0,NA,NA,NA,dead
PIEN,PIEN24,23.5,NA,NA,NA,dead
PIEN,PIEN24,24.0,NA,NA,NA,dead
PIEN,PIEN24,3.0,784,NA,10,alive
PIEN,PIEN24,3.5,NA,NA,10,alive
PIEN,PIEN24,4.0,760,NA,10,alive
PIEN,PIEN24,4.5,NA,NA,NA,alive
PIEN,PIEN24,5.0,722,NA,10,alive
PIEN,PIEN24,5.5,NA,NA,10,alive
PIEN,PIEN24,6.0,680,NA,10,alive
PIEN,PIEN24,6.5,NA,NA,10,alive
PIEN,PIEN24,7.0,647,NA,10,alive
PIEN,PIEN24,7.5,NA,NA,10,alive
PIEN,PIEN24,8.0,547,NA,10,alive
PIEN,PIEN24,8.5,NA,NA,10,alive
PIEN,PIEN24,9.0,520,NA,10,alive
PIEN,PIEN24,9.5,NA,NA,10,alive
PIEN,PIEN25,1.0,779,NA,10,alive
PIEN,PIEN25,1.5,NA,NA,10,alive
PIEN,PIEN25,10.0,471,NA,10,alive
PIEN,PIEN25,10.5,NA,NA,10,alive
PIEN,PIEN25,11.0,455,NA,10,alive
PIEN,PIEN25,11.5,NA,NA,10,alive
PIEN,PIEN25,12.0,445,NA,10,alive
PIEN,PIEN25,12.5,NA,NA,10,alive
PIEN,PIEN25,13.0,NA,NA,NA,alive
PIEN,PIEN25,13.5,NA,NA,10,alive
PIEN,PIEN25,14.0,426,NA,10,alive
PIEN,PIEN25,14.5,NA,NA,10,alive
PIEN,PIEN25,15.0,417,NA,10,alive
PIEN,PIEN25,15.5,NA,NA,10,alive
PIEN,PIEN25,16.0,411,NA,10,alive
PIEN,PIEN25,16.5,NA,NA,10,alive
PIEN,PIEN25,17.0,402,NA,10,alive
PIEN,PIEN25,17.5,NA,NA,10,alive
PIEN,PIEN25,18.0,396,NA,10,alive
PIEN,PIEN25,18.5,NA,NA,10,alive
PIEN,PIEN25,19.0,389,NA,25,dead
PIEN,PIEN25,19.5,NA,NA,75,dead
PIEN,PIEN25,2.0,758,NA,10,alive
PIEN,PIEN25,2.5,NA,NA,10,alive
PIEN,PIEN25,20.0,384,NA,75,dead
PIEN,PIEN25,20.5,NA,NA,90,dead
PIEN,PIEN25,21.0,381,NA,90,dead
PIEN,PIEN25,21.5,NA,NA,NA,dead
PIEN,PIEN25,22.0,NA,NA,NA,dead
PIEN,PIEN25,22.5,NA,NA,NA,dead
PIEN,PIEN25,23.0,NA,NA,NA,dead
PIEN,PIEN25,23.5,NA,NA,NA,dead
PIEN,PIEN25,24.0,NA,NA,NA,dead
PIEN,PIEN25,3.0,728,NA,10,alive
PIEN,PIEN25,3.5,NA,NA,10,alive
PIEN,PIEN25,4.0,701,NA,10,alive
PIEN,PIEN25,4.5,NA,NA,NA,alive
PIEN,PIEN25,5.0,663,NA,10,alive
PIEN,PIEN25,5.5,NA,NA,10,alive
PIEN,PIEN25,6.0,629,NA,10,alive
PIEN,PIEN25,6.5,NA,NA,10,alive
PIEN,PIEN25,7.0,600,NA,10,alive
PIEN,PIEN25,7.5,NA,NA,10,alive
PIEN,PIEN25,8.0,514,NA,10,alive
PIEN,PIEN25,8.5,NA,NA,10,alive
PIEN,PIEN25,9.0,489,NA,10,alive
PIEN,PIEN25,9.5,NA,NA,10,alive
PIEN,PIEN26,1.0,632,NA,25,alive
PIEN,PIEN26,1.5,NA,NA,25,alive
PIEN,PIEN26,10.0,603,NA,25,alive
PIEN,PIEN26,10.5,NA,NA,10,alive
PIEN,PIEN26,11.0,547,NA,25,alive
PIEN,PIEN26,11.5,NA,NA,10,alive
PIEN,PIEN26,12.0,580,NA,10,alive
PIEN,PIEN26,12.5,NA,NA,10,alive
PIEN,PIEN26,13.0,NA,NA,NA,alive
PIEN,PIEN26,13.5,NA,NA,10,alive
PIEN,PIEN26,14.0,593,NA,10,alive
PIEN,PIEN26,14.5,NA,NA,10,alive
PIEN,PIEN26,15.0,559,NA,10,alive
PIEN,PIEN26,15.5,NA,NA,10,alive
PIEN,PIEN26,16.0,602,NA,10,alive
PIEN,PIEN26,16.5,NA,NA,25,alive
PIEN,PIEN26,17.0,538,NA,25,alive
PIEN,PIEN26,17.5,NA,NA,25,alive
PIEN,PIEN26,18.0,600,NA,25,alive
PIEN,PIEN26,18.5,NA,NA,10,alive
PIEN,PIEN26,19.0,536,NA,25,alive
PIEN,PIEN26,19.5,NA,NA,10,alive
PIEN,PIEN26,2.0,640,NA,10,alive
PIEN,PIEN26,2.5,NA,NA,10,alive
PIEN,PIEN26,20.0,573,NA,10,alive
PIEN,PIEN26,20.5,NA,NA,25,alive
PIEN,PIEN26,21.0,519,NA,25,alive
PIEN,PIEN26,21.5,NA,NA,25,alive
PIEN,PIEN26,22.0,598,NA,10,alive
PIEN,PIEN26,22.5,NA,NA,25,alive
PIEN,PIEN26,23.0,546,NA,25,alive
PIEN,PIEN26,23.5,NA,NA,NA,alive
PIEN,PIEN26,24.0,556,NA,25,alive
PIEN,PIEN26,3.0,611,NA,25,alive
PIEN,PIEN26,3.5,NA,NA,25,alive
PIEN,PIEN26,4.0,640,NA,25,alive
PIEN,PIEN26,4.5,NA,NA,NA,alive
PIEN,PIEN26,5.0,637,NA,25,alive
PIEN,PIEN26,5.5,NA,NA,25,alive
PIEN,PIEN26,6.0,635,NA,25,alive
PIEN,PIEN26,6.5,NA,NA,25,alive
PIEN,PIEN26,7.0,597,NA,10,alive
PIEN,PIEN26,7.5,NA,NA,25,alive
PIEN,PIEN26,8.0,558,NA,25,alive
PIEN,PIEN26,8.5,NA,NA,25,alive
PIEN,PIEN26,9.0,499,NA,10,alive
PIEN,PIEN26,9.5,NA,NA,25,alive
PIEN,PIEN27,1.0,722,NA,25,alive
PIEN,PIEN27,1.5,NA,NA,25,alive
PIEN,PIEN27,10.0,684,NA,10,alive
PIEN,PIEN27,10.5,NA,NA,10,alive
PIEN,PIEN27,11.0,639,NA,10,alive
PIEN,PIEN27,11.5,NA,NA,10,alive
PIEN,PIEN27,12.0,658,NA,10,alive
PIEN,PIEN27,12.5,NA,NA,10,alive
PIEN,PIEN27,13.0,NA,NA,NA,alive
PIEN,PIEN27,13.5,NA,NA,10,alive
PIEN,PIEN27,14.0,670,NA,10,alive
PIEN,PIEN27,14.5,NA,NA,25,alive
PIEN,PIEN27,15.0,634,NA,25,alive
PIEN,PIEN27,15.5,NA,NA,25,alive
PIEN,PIEN27,16.0,682,NA,25,alive
PIEN,PIEN27,16.5,NA,NA,25,alive
PIEN,PIEN27,17.0,625,NA,25,alive
PIEN,PIEN27,17.5,NA,NA,10,alive
PIEN,PIEN27,18.0,678,NA,25,alive
PIEN,PIEN27,18.5,NA,NA,10,alive
PIEN,PIEN27,19.0,601,NA,25,alive
PIEN,PIEN27,19.5,NA,NA,25,alive
PIEN,PIEN27,2.0,732,NA,10,alive
PIEN,PIEN27,2.5,NA,NA,10,alive
PIEN,PIEN27,20.0,653,NA,25,alive
PIEN,PIEN27,20.5,NA,NA,25,alive
PIEN,PIEN27,21.0,594,NA,25,alive
PIEN,PIEN27,21.5,NA,NA,25,alive
PIEN,PIEN27,22.0,688,NA,25,alive
PIEN,PIEN27,22.5,NA,NA,25,alive
PIEN,PIEN27,23.0,636,NA,25,alive
PIEN,PIEN27,23.5,NA,NA,NA,alive
PIEN,PIEN27,24.0,651,NA,25,alive
PIEN,PIEN27,3.0,704,NA,10,alive
PIEN,PIEN27,3.5,NA,NA,10,alive
PIEN,PIEN27,4.0,716,NA,10,alive
PIEN,PIEN27,4.5,NA,NA,NA,alive
PIEN,PIEN27,5.0,712,NA,10,alive
PIEN,PIEN27,5.5,NA,NA,10,alive
PIEN,PIEN27,6.0,715,NA,25,alive
PIEN,PIEN27,6.5,NA,NA,25,alive
PIEN,PIEN27,7.0,686,NA,10,alive
PIEN,PIEN27,7.5,NA,NA,10,alive
PIEN,PIEN27,8.0,646,NA,10,alive
PIEN,PIEN27,8.5,NA,NA,10,alive
PIEN,PIEN27,9.0,593,NA,10,alive
PIEN,PIEN27,9.5,NA,NA,10,alive
PIEN,PIEN28,1.0,686,174.6,25,alive
PIEN,PIEN28,1.5,NA,NA,25,alive
PIEN,PIEN28,10.0,645,96,25,alive
PIEN,PIEN28,10.5,NA,NA,25,alive
PIEN,PIEN28,11.0,599,117,25,alive
PIEN,PIEN28,11.5,NA,NA,25,alive
PIEN,PIEN28,12.0,629,99,25,alive
PIEN,PIEN28,12.5,NA,NA,10,alive
PIEN,PIEN28,13.0,NA,81.3,NA,alive
PIEN,PIEN28,13.5,NA,NA,10,alive
PIEN,PIEN28,14.0,635,NA,10,alive
PIEN,PIEN28,14.5,NA,NA,10,alive
PIEN,PIEN28,15.0,594,NA,10,alive
PIEN,PIEN28,15.5,NA,NA,25,alive
PIEN,PIEN28,16.0,643,55.8,25,alive
PIEN,PIEN28,16.5,NA,NA,25,alive
PIEN,PIEN28,17.0,579,86.6,25,alive
PIEN,PIEN28,17.5,NA,NA,10,alive
PIEN,PIEN28,18.0,646,97.6,10,alive
PIEN,PIEN28,18.5,NA,NA,25,alive
PIEN,PIEN28,19.0,578,32.9,25,alive
PIEN,PIEN28,19.5,NA,NA,25,alive
PIEN,PIEN28,2.0,690,233.6,10,alive
PIEN,PIEN28,2.5,NA,NA,25,alive
PIEN,PIEN28,20.0,608,47.7,25,alive
PIEN,PIEN28,20.5,NA,NA,25,alive
PIEN,PIEN28,21.0,553,79.2,25,alive
PIEN,PIEN28,21.5,NA,NA,25,alive
PIEN,PIEN28,22.0,636,96.1,10,alive
PIEN,PIEN28,22.5,NA,NA,25,alive
PIEN,PIEN28,23.0,583,115.5,25,alive
PIEN,PIEN28,23.5,NA,NA,NA,alive
PIEN,PIEN28,24.0,610,NA,25,alive
PIEN,PIEN28,3.0,659,125.1,25,alive
PIEN,PIEN28,3.5,NA,NA,25,alive
PIEN,PIEN28,4.0,686,101.5,25,alive
PIEN,PIEN28,4.5,NA,NA,NA,alive
PIEN,PIEN28,5.0,684,88.9,25,alive
PIEN,PIEN28,5.5,NA,NA,25,alive
PIEN,PIEN28,6.0,683,71.3,10,alive
PIEN,PIEN28,6.5,NA,NA,25,alive
PIEN,PIEN28,7.0,645,87.9,25,alive
PIEN,PIEN28,7.5,NA,NA,25,alive
PIEN,PIEN28,8.0,619,111,25,alive
PIEN,PIEN28,8.5,NA,NA,25,alive
PIEN,PIEN28,9.0,571,135.5,25,alive
PIEN,PIEN28,9.5,NA,NA,25,alive
PIEN,PIEN29,1.0,640,150.3,25,alive
PIEN,PIEN29,1.5,NA,NA,25,alive
PIEN,PIEN29,10.0,618,106.5,10,alive
PIEN,PIEN29,10.5,NA,NA,10,alive
PIEN,PIEN29,11.0,558,96.8,10,alive
PIEN,PIEN29,11.5,NA,NA,10,alive
PIEN,PIEN29,12.0,589,73.5,10,alive
PIEN,PIEN29,12.5,NA,NA,10,alive
PIEN,PIEN29,13.0,NA,52.8,NA,alive
PIEN,PIEN29,13.5,NA,NA,10,alive
PIEN,PIEN29,14.0,608,NA,10,alive
PIEN,PIEN29,14.5,NA,NA,10,alive
PIEN,PIEN29,15.0,565,NA,10,alive
PIEN,PIEN29,15.5,NA,NA,10,alive
PIEN,PIEN29,16.0,623,45.6,25,alive
PIEN,PIEN29,16.5,NA,NA,10,alive
PIEN,PIEN29,17.0,568,86.7,10,alive
PIEN,PIEN29,17.5,NA,NA,25,alive
PIEN,PIEN29,18.0,628,95.5,10,alive
PIEN,PIEN29,18.5,NA,NA,10,alive
PIEN,PIEN29,19.0,548,28,10,alive
PIEN,PIEN29,19.5,NA,NA,10,alive
PIEN,PIEN29,2.0,649,157.3,25,alive
PIEN,PIEN29,2.5,NA,NA,10,alive
PIEN,PIEN29,20.0,577,43.1,25,alive
PIEN,PIEN29,20.5,NA,NA,25,alive
PIEN,PIEN29,21.0,515,70.3,25,alive
PIEN,PIEN29,21.5,NA,NA,25,alive
PIEN,PIEN29,22.0,621,77.2,10,alive
PIEN,PIEN29,22.5,NA,NA,25,alive
PIEN,PIEN29,23.0,558,64.3,25,alive
PIEN,PIEN29,23.5,NA,NA,NA,alive
PIEN,PIEN29,24.0,605,NA,25,alive
PIEN,PIEN29,3.0,610,108.9,25,alive
PIEN,PIEN29,3.5,NA,NA,25,alive
PIEN,PIEN29,4.0,641,93.4,50,alive
PIEN,PIEN29,4.5,NA,NA,NA,alive
PIEN,PIEN29,5.0,649,80.6,25,alive
PIEN,PIEN29,5.5,NA,NA,25,alive
PIEN,PIEN29,6.0,648,115.2,10,alive
PIEN,PIEN29,6.5,NA,NA,10,alive
PIEN,PIEN29,7.0,610,87.2,10,alive
PIEN,PIEN29,7.5,NA,NA,10,alive
PIEN,PIEN29,8.0,579,92.3,10,alive
PIEN,PIEN29,8.5,NA,NA,10,alive
PIEN,PIEN29,9.0,527,117.5,10,alive
PIEN,PIEN29,9.5,NA,NA,10,alive
PIEN,PIEN30,1.0,625,132.9,10,alive
PIEN,PIEN30,1.5,NA,NA,25,alive
PIEN,PIEN30,10.0,586,83.8,10,alive
PIEN,PIEN30,10.5,NA,NA,10,alive
PIEN,PIEN30,11.0,531,102.9,10,alive
PIEN,PIEN30,11.5,NA,NA,10,alive
PIEN,PIEN30,12.0,547,99.7,10,alive
PIEN,PIEN30,12.5,NA,NA,10,alive
PIEN,PIEN30,13.0,NA,62.4,NA,alive
PIEN,PIEN30,13.5,NA,NA,10,alive
PIEN,PIEN30,14.0,564,NA,10,alive
PIEN,PIEN30,14.5,NA,NA,10,alive
PIEN,PIEN30,15.0,525,NA,10,alive
PIEN,PIEN30,15.5,NA,NA,10,alive
PIEN,PIEN30,16.0,579,37.6,10,alive
PIEN,PIEN30,16.5,NA,NA,10,alive
PIEN,PIEN30,17.0,531,77.8,10,alive
PIEN,PIEN30,17.5,NA,NA,10,alive
PIEN,PIEN30,18.0,596,67.2,10,alive
PIEN,PIEN30,18.5,NA,NA,10,alive
PIEN,PIEN30,19.0,531,32.4,10,alive
PIEN,PIEN30,19.5,NA,NA,10,alive
PIEN,PIEN30,2.0,627,134.8,10,alive
PIEN,PIEN30,2.5,NA,NA,10,alive
PIEN,PIEN30,20.0,542,43,10,alive
PIEN,PIEN30,20.5,NA,NA,10,alive
PIEN,PIEN30,21.0,485,52.1,10,alive
PIEN,PIEN30,21.5,NA,NA,10,alive
PIEN,PIEN30,22.0,576,74,10,alive
PIEN,PIEN30,22.5,NA,NA,10,alive
PIEN,PIEN30,23.0,518,69.3,10,alive
PIEN,PIEN30,23.5,NA,NA,NA,alive
PIEN,PIEN30,24.0,556,NA,10,alive
PIEN,PIEN30,3.0,595,96.3,10,alive
PIEN,PIEN30,3.5,NA,NA,10,alive
PIEN,PIEN30,4.0,618,78.2,10,alive
PIEN,PIEN30,4.5,NA,NA,NA,alive
PIEN,PIEN30,5.0,616,117.9,10,alive
PIEN,PIEN30,5.5,NA,NA,10,alive
PIEN,PIEN30,6.0,615,66.2,10,alive
PIEN,PIEN30,6.5,NA,NA,10,alive
PIEN,PIEN30,7.0,585,81.9,10,alive
PIEN,PIEN30,7.5,NA,NA,10,alive
PIEN,PIEN30,8.0,562,95.5,10,alive
PIEN,PIEN30,8.5,NA,NA,10,alive
PIEN,PIEN30,9.0,511,109.3,10,alive
PIEN,PIEN30,9.5,NA,NA,10,alive
PIEN,PIEN31,1.0,721,265.6,10,alive
PIEN,PIEN31,1.5,NA,NA,10,alive
PIEN,PIEN31,10.0,474,109,10,alive
PIEN,PIEN31,10.5,NA,NA,10,alive
PIEN,PIEN31,11.0,449,114.2,10,alive
PIEN,PIEN31,11.5,NA,NA,10,alive
PIEN,PIEN31,12.0,431,178.3,10,alive
PIEN,PIEN31,12.5,NA,NA,10,alive
PIEN,PIEN31,13.0,NA,63.3,NA,alive
PIEN,PIEN31,13.5,NA,NA,10,alive
PIEN,PIEN31,14.0,404,NA,10,alive
PIEN,PIEN31,14.5,NA,NA,10,alive
PIEN,PIEN31,15.0,391,NA,10,alive
PIEN,PIEN31,15.5,NA,NA,10,alive
PIEN,PIEN31,16.0,381,30.6,10,alive
PIEN,PIEN31,16.5,NA,NA,10,alive
PIEN,PIEN31,17.0,372,70.7,10,alive
PIEN,PIEN31,17.5,NA,NA,10,alive
PIEN,PIEN31,18.0,365,57.1,10,alive
PIEN,PIEN31,18.5,NA,NA,10,alive
PIEN,PIEN31,19.0,355,23,10,alive
PIEN,PIEN31,19.5,NA,NA,25,alive
PIEN,PIEN31,2.0,705,211.4,10,alive
PIEN,PIEN31,2.5,NA,NA,10,alive
PIEN,PIEN31,20.0,347,24.7,25,dead
PIEN,PIEN31,20.5,NA,NA,75,dead
PIEN,PIEN31,21.0,340,38.5,90,dead
PIEN,PIEN31,21.5,NA,NA,90,dead
PIEN,PIEN31,22.0,338,NA,90,dead
PIEN,PIEN31,22.5,NA,NA,NA,dead
PIEN,PIEN31,23.0,NA,NA,NA,dead
PIEN,PIEN31,23.5,NA,NA,NA,dead
PIEN,PIEN31,24.0,NA,NA,NA,dead
PIEN,PIEN31,3.0,684,108.2,10,alive
PIEN,PIEN31,3.5,NA,NA,10,alive
PIEN,PIEN31,4.0,670,163.6,10,alive
PIEN,PIEN31,4.5,NA,NA,NA,alive
PIEN,PIEN31,5.0,649,161.1,10,alive
PIEN,PIEN31,5.5,NA,NA,10,alive
PIEN,PIEN31,6.0,629,148.5,10,alive
PIEN,PIEN31,6.5,NA,NA,10,alive
PIEN,PIEN31,7.0,601,184.5,10,alive
PIEN,PIEN31,7.5,NA,NA,10,alive
PIEN,PIEN31,8.0,538,129.9,10,alive
PIEN,PIEN31,8.5,NA,NA,10,alive
PIEN,PIEN31,9.0,500,153.8,10,alive
PIEN,PIEN31,9.5,NA,NA,10,alive
PIEN,PIEN32,1.0,681,147.5,25,alive
PIEN,PIEN32,1.5,NA,NA,25,alive
PIEN,PIEN32,10.0,451,79.1,25,alive
PIEN,PIEN32,10.5,NA,NA,25,alive
PIEN,PIEN32,11.0,422,117.1,25,alive
PIEN,PIEN32,11.5,NA,NA,10,alive
PIEN,PIEN32,12.0,405,115.4,10,alive
PIEN,PIEN32,12.5,NA,NA,10,alive
PIEN,PIEN32,13.0,NA,69.3,NA,alive
PIEN,PIEN32,13.5,NA,NA,10,alive
PIEN,PIEN32,14.0,380,NA,10,alive
PIEN,PIEN32,14.5,NA,NA,10,alive
PIEN,PIEN32,15.0,367,NA,25,alive
PIEN,PIEN32,15.5,NA,NA,10,alive
PIEN,PIEN32,16.0,355,30.9,25,alive
PIEN,PIEN32,16.5,NA,NA,10,alive
PIEN,PIEN32,17.0,344,98.5,10,alive
PIEN,PIEN32,17.5,NA,NA,25,alive
PIEN,PIEN32,18.0,336,63.5,25,alive
PIEN,PIEN32,18.5,NA,NA,10,alive
PIEN,PIEN32,19.0,327,25.7,10,alive
PIEN,PIEN32,19.5,NA,NA,25,alive
PIEN,PIEN32,2.0,662,145.7,10,alive
PIEN,PIEN32,2.5,NA,NA,10,alive
PIEN,PIEN32,20.0,318,31.9,50,dead
PIEN,PIEN32,20.5,NA,NA,75,dead
PIEN,PIEN32,21.0,311,57.8,75,dead
PIEN,PIEN32,21.5,NA,NA,90,dead
PIEN,PIEN32,22.0,309,NA,90,dead
PIEN,PIEN32,22.5,NA,NA,NA,dead
PIEN,PIEN32,23.0,NA,NA,NA,dead
PIEN,PIEN32,23.5,NA,NA,NA,dead
PIEN,PIEN32,24.0,NA,NA,NA,dead
PIEN,PIEN32,3.0,636,76.4,10,alive
PIEN,PIEN32,3.5,NA,NA,10,alive
PIEN,PIEN32,4.0,615,88.5,10,alive
PIEN,PIEN32,4.5,NA,NA,NA,alive
PIEN,PIEN32,5.0,591,90.7,25,alive
PIEN,PIEN32,5.5,NA,NA,25,alive
PIEN,PIEN32,6.0,572,108.7,10,alive
PIEN,PIEN32,6.5,NA,NA,25,alive
PIEN,PIEN32,7.0,551,98.7,10,alive
PIEN,PIEN32,7.5,NA,NA,25,alive
PIEN,PIEN32,8.0,510,86.5,25,alive
PIEN,PIEN32,8.5,NA,NA,10,alive
PIEN,PIEN32,9.0,474,125.3,25,alive
PIEN,PIEN32,9.5,NA,NA,25,alive
PIEN,PIEN33,1.0,693,207.8,25,alive
PIEN,PIEN33,1.5,NA,NA,25,alive
PIEN,PIEN33,10.0,433,100.9,25,alive
PIEN,PIEN33,10.5,NA,NA,25,alive
PIEN,PIEN33,11.0,409,94.4,25,alive
PIEN,PIEN33,11.5,NA,NA,25,alive
PIEN,PIEN33,12.0,393,92.8,25,alive
PIEN,PIEN33,12.5,NA,NA,10,alive
PIEN,PIEN33,13.0,NA,65.2,NA,alive
PIEN,PIEN33,13.5,NA,NA,10,alive
PIEN,PIEN33,14.0,367,NA,10,alive
PIEN,PIEN33,14.5,NA,NA,10,alive
PIEN,PIEN33,15.0,355,NA,10,alive
PIEN,PIEN33,15.5,NA,NA,25,alive
PIEN,PIEN33,16.0,345,27.4,25,alive
PIEN,PIEN33,16.5,NA,NA,25,alive
PIEN,PIEN33,17.0,333,66.4,25,alive
PIEN,PIEN33,17.5,NA,NA,25,alive
PIEN,PIEN33,18.0,326,46.4,25,alive
PIEN,PIEN33,18.5,NA,NA,25,alive
PIEN,PIEN33,19.0,315,19.8,25,dead
PIEN,PIEN33,19.5,NA,NA,75,dead
PIEN,PIEN33,2.0,674,161.9,10,alive
PIEN,PIEN33,2.5,NA,NA,25,alive
PIEN,PIEN33,20.0,309,36,75,dead
PIEN,PIEN33,20.5,NA,NA,90,dead
PIEN,PIEN33,21.0,306,NA,75,dead
PIEN,PIEN33,21.5,NA,NA,NA,dead
PIEN,PIEN33,22.0,NA,NA,NA,dead
PIEN,PIEN33,22.5,NA,NA,NA,dead
PIEN,PIEN33,23.0,NA,NA,NA,dead
PIEN,PIEN33,23.5,NA,NA,NA,dead
PIEN,PIEN33,24.0,NA,NA,NA,dead
PIEN,PIEN33,3.0,641,84.6,25,alive
PIEN,PIEN33,3.5,NA,NA,25,alive
PIEN,PIEN33,4.0,621,122.7,25,alive
PIEN,PIEN33,4.5,NA,NA,NA,alive
PIEN,PIEN33,5.0,584,150.7,25,alive
PIEN,PIEN33,5.5,NA,NA,25,alive
PIEN,PIEN33,6.0,564,92.6,25,alive
PIEN,PIEN33,6.5,NA,NA,25,alive
PIEN,PIEN33,7.0,539,96.6,25,alive
PIEN,PIEN33,7.5,NA,NA,25,alive
PIEN,PIEN33,8.0,492,113.6,25,alive
PIEN,PIEN33,8.5,NA,NA,25,alive
PIEN,PIEN33,9.0,459,115.6,25,alive
PIEN,PIEN33,9.5,NA,NA,25,alive
PIEN,PIEN34,1.0,699,272.5,10,alive
PIEN,PIEN34,1.5,NA,NA,25,alive
PIEN,PIEN34,10.0,436,83.7,10,alive
PIEN,PIEN34,10.5,NA,NA,10,alive
PIEN,PIEN34,11.0,409,94.2,10,alive
PIEN,PIEN34,11.5,NA,NA,10,alive
PIEN,PIEN34,12.0,392,108.4,10,alive
PIEN,PIEN34,12.5,NA,NA,10,alive
PIEN,PIEN34,13.0,NA,64.3,NA,alive
PIEN,PIEN34,13.5,NA,NA,10,alive
PIEN,PIEN34,14.0,368,NA,10,alive
PIEN,PIEN34,14.5,NA,NA,10,alive
PIEN,PIEN34,15.0,357,NA,10,alive
PIEN,PIEN34,15.5,NA,NA,10,alive
PIEN,PIEN34,16.0,349,25.4,25,alive
PIEN,PIEN34,16.5,NA,NA,10,alive
PIEN,PIEN34,17.0,341,68,25,alive
PIEN,PIEN34,17.5,NA,NA,25,alive
PIEN,PIEN34,18.0,336,64.7,25,alive
PIEN,PIEN34,18.5,NA,NA,50,dead
PIEN,PIEN34,19.0,328,21.9,50,dead
PIEN,PIEN34,19.5,NA,NA,75,dead
PIEN,PIEN34,2.0,679,218.5,10,alive
PIEN,PIEN34,2.5,NA,NA,10,alive
PIEN,PIEN34,20.0,321,NA,90,dead
PIEN,PIEN34,20.5,NA,NA,90,dead
PIEN,PIEN34,21.0,317,NA,90,dead
PIEN,PIEN34,21.5,NA,NA,NA,dead
PIEN,PIEN34,22.0,NA,NA,NA,dead
PIEN,PIEN34,22.5,NA,NA,NA,dead
PIEN,PIEN34,23.0,NA,NA,NA,dead
PIEN,PIEN34,23.5,NA,NA,NA,dead
PIEN,PIEN34,24.0,NA,NA,NA,dead
PIEN,PIEN34,3.0,647,127.4,10,alive
PIEN,PIEN34,3.5,NA,NA,10,alive
PIEN,PIEN34,4.0,620,116.4,10,alive
PIEN,PIEN34,4.5,NA,NA,NA,alive
PIEN,PIEN34,5.0,591,132.1,10,alive
PIEN,PIEN34,5.5,NA,NA,10,alive
PIEN,PIEN34,6.0,572,89.9,10,alive
PIEN,PIEN34,6.5,NA,NA,10,alive
PIEN,PIEN34,7.0,544,94.5,10,alive
PIEN,PIEN34,7.5,NA,NA,10,alive
PIEN,PIEN34,8.0,495,106.6,10,alive
PIEN,PIEN34,8.5,NA,NA,10,alive
PIEN,PIEN34,9.0,461,127.5,10,alive
PIEN,PIEN34,9.5,NA,NA,10,alive
PIEN,PIEN35,1.0,688,204.8,10,alive
PIEN,PIEN35,1.5,NA,NA,10,alive
PIEN,PIEN35,10.0,426,75.1,10,alive
PIEN,PIEN35,10.5,NA,NA,10,alive
PIEN,PIEN35,11.0,405,86.3,10,alive
PIEN,PIEN35,11.5,NA,NA,10,alive
PIEN,PIEN35,12.0,388,96.5,10,alive
PIEN,PIEN35,12.5,NA,NA,10,alive
PIEN,PIEN35,13.0,NA,52.2,NA,alive
PIEN,PIEN35,13.5,NA,NA,10,alive
PIEN,PIEN35,14.0,369,NA,10,alive
PIEN,PIEN35,14.5,NA,NA,10,alive
PIEN,PIEN35,15.0,361,NA,10,alive
PIEN,PIEN35,15.5,NA,NA,10,alive
PIEN,PIEN35,16.0,354,27.5,10,alive
PIEN,PIEN35,16.5,NA,NA,10,alive
PIEN,PIEN35,17.0,346,58.3,10,alive
PIEN,PIEN35,17.5,NA,NA,25,dead
PIEN,PIEN35,18.0,340,35.2,10,dead
PIEN,PIEN35,18.5,NA,NA,75,dead
PIEN,PIEN35,19.0,333,21,75,dead
PIEN,PIEN35,19.5,NA,NA,90,dead
PIEN,PIEN35,2.0,671,223.4,10,alive
PIEN,PIEN35,2.5,NA,NA,10,alive
PIEN,PIEN35,20.0,328,NA,90,dead
PIEN,PIEN35,20.5,NA,NA,NA,dead
PIEN,PIEN35,21.0,NA,NA,NA,dead
PIEN,PIEN35,21.5,NA,NA,NA,dead
PIEN,PIEN35,22.0,NA,NA,NA,dead
PIEN,PIEN35,22.5,NA,NA,NA,dead
PIEN,PIEN35,23.0,NA,NA,NA,dead
PIEN,PIEN35,23.5,NA,NA,NA,dead
PIEN,PIEN35,24.0,NA,NA,NA,dead
PIEN,PIEN35,3.0,638,133.5,10,alive
PIEN,PIEN35,3.5,NA,NA,10,alive
PIEN,PIEN35,4.0,609,118.1,10,alive
PIEN,PIEN35,4.5,NA,NA,NA,alive
PIEN,PIEN35,5.0,585,138.3,10,alive
PIEN,PIEN35,5.5,NA,NA,10,alive
PIEN,PIEN35,6.0,560,100.7,10,alive
PIEN,PIEN35,6.5,NA,NA,10,alive
PIEN,PIEN35,7.0,532,80.8,10,alive
PIEN,PIEN35,7.5,NA,NA,10,alive
PIEN,PIEN35,8.0,485,106.6,10,alive
PIEN,PIEN35,8.5,NA,NA,10,alive
PIEN,PIEN35,9.0,449,134.4,10,alive
PIEN,PIEN35,9.5,NA,NA,10,alive
PIEN,PIEN36,1.0,649,327.9,10,alive
PIEN,PIEN36,1.5,NA,NA,10,alive
PIEN,PIEN36,10.0,386,106.5,10,alive
PIEN,PIEN36,10.5,NA,NA,10,alive
PIEN,PIEN36,11.0,369,123.5,10,alive
PIEN,PIEN36,11.5,NA,NA,10,alive
PIEN,PIEN36,12.0,354,139.9,10,alive
PIEN,PIEN36,12.5,NA,NA,10,alive
PIEN,PIEN36,13.0,NA,71.6,NA,alive
PIEN,PIEN36,13.5,NA,NA,10,alive
PIEN,PIEN36,14.0,338,NA,10,alive
PIEN,PIEN36,14.5,NA,NA,10,alive
PIEN,PIEN36,15.0,331,NA,10,alive
PIEN,PIEN36,15.5,NA,NA,10,alive
PIEN,PIEN36,16.0,326,28.5,10,alive
PIEN,PIEN36,16.5,NA,NA,10,alive
PIEN,PIEN36,17.0,318,78.2,10,alive
PIEN,PIEN36,17.5,NA,NA,25,alive
PIEN,PIEN36,18.0,312,38.5,50,dead
PIEN,PIEN36,18.5,NA,NA,75,dead
PIEN,PIEN36,19.0,306,NA,90,dead
PIEN,PIEN36,19.5,NA,NA,90,dead
PIEN,PIEN36,2.0,628,339.1,10,alive
PIEN,PIEN36,2.5,NA,NA,10,alive
PIEN,PIEN36,20.0,302,NA,90,dead
PIEN,PIEN36,20.5,NA,NA,NA,dead
PIEN,PIEN36,21.0,NA,NA,NA,dead
PIEN,PIEN36,21.5,NA,NA,NA,dead
PIEN,PIEN36,22.0,NA,NA,NA,dead
PIEN,PIEN36,22.5,NA,NA,NA,dead
PIEN,PIEN36,23.0,NA,NA,NA,dead
PIEN,PIEN36,23.5,NA,NA,NA,dead
PIEN,PIEN36,24.0,NA,NA,NA,dead
PIEN,PIEN36,3.0,594,227,10,alive
PIEN,PIEN36,3.5,NA,NA,10,alive
PIEN,PIEN36,4.0,572,224.6,10,alive
PIEN,PIEN36,4.5,NA,NA,NA,alive
PIEN,PIEN36,5.0,542,270,10,alive
PIEN,PIEN36,5.5,NA,NA,10,alive
PIEN,PIEN36,6.0,521,108.1,10,alive
PIEN,PIEN36,6.5,NA,NA,10,alive
PIEN,PIEN36,7.0,494,100.6,10,alive
PIEN,PIEN36,7.5,NA,NA,10,alive
PIEN,PIEN36,8.0,440,160.1,10,alive
PIEN,PIEN36,8.5,NA,NA,10,alive
PIEN,PIEN36,9.0,408,125.1,10,alive
PIEN,PIEN36,9.5,NA,NA,10,alive
PIEN,PIEN37,1.0,670,124.5,10,alive
PIEN,PIEN37,1.5,NA,NA,10,alive
PIEN,PIEN37,10.0,462,101.9,10,alive
PIEN,PIEN37,10.5,NA,NA,10,alive
PIEN,PIEN37,11.0,435,88.8,10,alive
PIEN,PIEN37,11.5,NA,NA,10,alive
PIEN,PIEN37,12.0,414,92,10,alive
PIEN,PIEN37,12.5,NA,NA,10,alive
PIEN,PIEN37,13.0,NA,67.6,NA,alive
PIEN,PIEN37,13.5,NA,NA,10,alive
PIEN,PIEN37,14.0,390,NA,10,alive
PIEN,PIEN37,14.5,NA,NA,10,alive
PIEN,PIEN37,15.0,379,NA,10,alive
PIEN,PIEN37,15.5,NA,NA,10,alive
PIEN,PIEN37,16.0,367,30.6,10,alive
PIEN,PIEN37,16.5,NA,NA,10,alive
PIEN,PIEN37,17.0,353,70.8,10,alive
PIEN,PIEN37,17.5,NA,NA,10,alive
PIEN,PIEN37,18.0,344,46,10,alive
PIEN,PIEN37,18.5,NA,NA,10,alive
PIEN,PIEN37,19.0,335,23.1,10,alive
PIEN,PIEN37,19.5,NA,NA,10,alive
PIEN,PIEN37,2.0,655,125.2,10,alive
PIEN,PIEN37,2.5,NA,NA,10,alive
PIEN,PIEN37,20.0,327,21.4,10,alive
PIEN,PIEN37,20.5,NA,NA,25,alive
PIEN,PIEN37,21.0,319,51.7,50,dead
PIEN,PIEN37,21.5,NA,NA,90,dead
PIEN,PIEN37,22.0,315,54.2,90,dead
PIEN,PIEN37,22.5,NA,NA,90,dead
PIEN,PIEN37,23.0,311,NA,90,dead
PIEN,PIEN37,23.5,NA,NA,NA,dead
PIEN,PIEN37,24.0,NA,NA,NA,dead
PIEN,PIEN37,3.0,634,93,10,alive
PIEN,PIEN37,3.5,NA,NA,10,alive
PIEN,PIEN37,4.0,620,91.2,10,alive
PIEN,PIEN37,4.5,NA,NA,NA,alive
PIEN,PIEN37,5.0,595,100.5,10,alive
PIEN,PIEN37,5.5,NA,NA,10,alive
PIEN,PIEN37,6.0,574,85.4,10,alive
PIEN,PIEN37,6.5,NA,NA,10,alive
PIEN,PIEN37,7.0,555,82.1,10,alive
PIEN,PIEN37,7.5,NA,NA,10,alive
PIEN,PIEN37,8.0,516,73.7,10,alive
PIEN,PIEN37,8.5,NA,NA,10,alive
PIEN,PIEN37,9.0,485,99.6,10,alive
PIEN,PIEN37,9.5,NA,NA,10,alive
PIEN,PIEN38,1.0,701,169.9,10,alive
PIEN,PIEN38,1.5,NA,NA,10,alive
PIEN,PIEN38,10.0,492,106.6,10,alive
PIEN,PIEN38,10.5,NA,NA,10,alive
PIEN,PIEN38,11.0,456,126.1,10,alive
PIEN,PIEN38,11.5,NA,NA,10,alive
PIEN,PIEN38,12.0,434,163.3,10,alive
PIEN,PIEN38,12.5,NA,NA,10,alive
PIEN,PIEN38,13.0,NA,56.1,NA,alive
PIEN,PIEN38,13.5,NA,NA,10,alive
PIEN,PIEN38,14.0,407,NA,10,alive
PIEN,PIEN38,14.5,NA,NA,10,alive
PIEN,PIEN38,15.0,395,NA,10,alive
PIEN,PIEN38,15.5,NA,NA,10,alive
PIEN,PIEN38,16.0,381,30.4,10,alive
PIEN,PIEN38,16.5,NA,NA,10,alive
PIEN,PIEN38,17.0,364,115.9,10,alive
PIEN,PIEN38,17.5,NA,NA,25,alive
PIEN,PIEN38,18.0,354,58.3,10,alive
PIEN,PIEN38,18.5,NA,NA,10,alive
PIEN,PIEN38,19.0,345,24.4,10,alive
PIEN,PIEN38,19.5,NA,NA,25,alive
PIEN,PIEN38,2.0,686,177.9,10,alive
PIEN,PIEN38,2.5,NA,NA,10,alive
PIEN,PIEN38,20.0,337,39.9,10,alive
PIEN,PIEN38,20.5,NA,NA,25,alive
PIEN,PIEN38,21.0,330,45.7,50,dead
PIEN,PIEN38,21.5,NA,NA,50,dead
PIEN,PIEN38,22.0,327,79.9,50,dead
PIEN,PIEN38,22.5,NA,NA,75,dead
PIEN,PIEN38,23.0,324,40,75,dead
PIEN,PIEN38,23.5,NA,NA,NA,dead
PIEN,PIEN38,24.0,NA,NA,NA,dead
PIEN,PIEN38,3.0,661,70.4,10,alive
PIEN,PIEN38,3.5,NA,NA,10,alive
PIEN,PIEN38,4.0,645,119,10,alive
PIEN,PIEN38,4.5,NA,NA,NA,alive
PIEN,PIEN38,5.0,625,60.3,10,alive
PIEN,PIEN38,5.5,NA,NA,10,alive
PIEN,PIEN38,6.0,606,113.8,10,alive
PIEN,PIEN38,6.5,NA,NA,10,alive
PIEN,PIEN38,7.0,587,83.9,10,alive
PIEN,PIEN38,7.5,NA,NA,10,alive
PIEN,PIEN38,8.0,550,94.8,10,alive
PIEN,PIEN38,8.5,NA,NA,10,alive
PIEN,PIEN38,9.0,515,121.4,10,alive
PIEN,PIEN38,9.5,NA,NA,10,alive
PIEN,PIEN39,1.0,643,244.2,25,alive
PIEN,PIEN39,1.5,NA,NA,25,alive
PIEN,PIEN39,10.0,458,81.9,25,alive
PIEN,PIEN39,10.5,NA,NA,25,alive
PIEN,PIEN39,11.0,423,102.2,25,alive
PIEN,PIEN39,11.5,NA,NA,25,alive
PIEN,PIEN39,12.0,398,109.6,25,alive
PIEN,PIEN39,12.5,NA,NA,10,alive
PIEN,PIEN39,13.0,NA,71.6,NA,alive
PIEN,PIEN39,13.5,NA,NA,10,alive
PIEN,PIEN39,14.0,368,NA,10,alive
PIEN,PIEN39,14.5,NA,NA,10,alive
PIEN,PIEN39,15.0,352,NA,10,alive
PIEN,PIEN39,15.5,NA,NA,25,alive
PIEN,PIEN39,16.0,338,26.7,25,alive
PIEN,PIEN39,16.5,NA,NA,25,alive
PIEN,PIEN39,17.0,324,75.1,25,alive
PIEN,PIEN39,17.5,NA,NA,25,alive
PIEN,PIEN39,18.0,315,51.2,10,alive
PIEN,PIEN39,18.5,NA,NA,25,alive
PIEN,PIEN39,19.0,306,23.6,25,alive
PIEN,PIEN39,19.5,NA,NA,25,alive
PIEN,PIEN39,2.0,625,234.9,10,alive
PIEN,PIEN39,2.5,NA,NA,25,alive
PIEN,PIEN39,20.0,297,42.6,25,alive
PIEN,PIEN39,20.5,NA,NA,50,dead
PIEN,PIEN39,21.0,291,48.9,50,dead
PIEN,PIEN39,21.5,NA,NA,75,dead
PIEN,PIEN39,22.0,288,75.3,75,dead
PIEN,PIEN39,22.5,NA,NA,90,dead
PIEN,PIEN39,23.0,285,NA,90,dead
PIEN,PIEN39,23.5,NA,NA,NA,dead
PIEN,PIEN39,24.0,NA,NA,NA,dead
PIEN,PIEN39,3.0,600,103.9,25,alive
PIEN,PIEN39,3.5,NA,NA,25,alive
PIEN,PIEN39,4.0,585,151,25,alive
PIEN,PIEN39,4.5,NA,NA,NA,alive
PIEN,PIEN39,5.0,566,108.8,10,alive
PIEN,PIEN39,5.5,NA,NA,25,alive
PIEN,PIEN39,6.0,548,79.7,25,alive
PIEN,PIEN39,6.5,NA,NA,25,alive
PIEN,PIEN39,7.0,532,78.5,25,alive
PIEN,PIEN39,7.5,NA,NA,25,alive
PIEN,PIEN39,8.0,505,101.2,25,alive
PIEN,PIEN39,8.5,NA,NA,25,alive
PIEN,PIEN39,9.0,483,94.2,25,alive
PIEN,PIEN39,9.5,NA,NA,25,alive
PIEN,PIEN40,1.0,615,218,10,alive
PIEN,PIEN40,1.5,NA,NA,25,alive
PIEN,PIEN40,10.0,357,98.6,25,alive
PIEN,PIEN40,10.5,NA,NA,25,alive
PIEN,PIEN40,11.0,337,98.5,25,alive
PIEN,PIEN40,11.5,NA,NA,25,alive
PIEN,PIEN40,12.0,321,90.1,10,alive
PIEN,PIEN40,12.5,NA,NA,10,alive
PIEN,PIEN40,13.0,NA,57.8,NA,alive
PIEN,PIEN40,13.5,NA,NA,10,alive
PIEN,PIEN40,14.0,302,NA,10,alive
PIEN,PIEN40,14.5,NA,NA,10,alive
PIEN,PIEN40,15.0,294,NA,10,alive
PIEN,PIEN40,15.5,NA,NA,10,alive
PIEN,PIEN40,16.0,287,26.4,25,alive
PIEN,PIEN40,16.5,NA,NA,25,alive
PIEN,PIEN40,17.0,277,49.8,25,alive
PIEN,PIEN40,17.5,NA,NA,50,dead
PIEN,PIEN40,18.0,274,43.1,75,dead
PIEN,PIEN40,18.5,NA,NA,90,dead
PIEN,PIEN40,19.0,272,NA,90,dead
PIEN,PIEN40,19.5,NA,NA,90,dead
PIEN,PIEN40,2.0,598,235.4,10,alive
PIEN,PIEN40,2.5,NA,NA,10,alive
PIEN,PIEN40,20.0,271,NA,90,dead
PIEN,PIEN40,20.5,NA,NA,NA,dead
PIEN,PIEN40,21.0,NA,NA,NA,dead
PIEN,PIEN40,21.5,NA,NA,NA,dead
PIEN,PIEN40,22.0,NA,NA,NA,dead
PIEN,PIEN40,22.5,NA,NA,NA,dead
PIEN,PIEN40,23.0,NA,NA,NA,dead
PIEN,PIEN40,23.5,NA,NA,NA,dead
PIEN,PIEN40,24.0,NA,NA,NA,dead
PIEN,PIEN40,3.0,566,127.9,10,alive
PIEN,PIEN40,3.5,NA,NA,10,alive
PIEN,PIEN40,4.0,542,131.7,10,alive
PIEN,PIEN40,4.5,NA,NA,NA,alive
PIEN,PIEN40,5.0,517,153.8,10,alive
PIEN,PIEN40,5.5,NA,NA,10,alive
PIEN,PIEN40,6.0,493,86.9,10,alive
PIEN,PIEN40,6.5,NA,NA,25,alive
PIEN,PIEN40,7.0,465,80.3,10,alive
PIEN,PIEN40,7.5,NA,NA,10,alive
PIEN,PIEN40,8.0,418,84.7,10,alive
PIEN,PIEN40,8.5,NA,NA,10,alive
PIEN,PIEN40,9.0,382,105.7,25,alive
PIEN,PIEN40,9.5,NA,NA,25,alive
PIEN,PIEN41,1.0,678,NA,25,alive
PIEN,PIEN41,1.5,NA,NA,25,alive
PIEN,PIEN41,10.0,440,NA,25,alive
PIEN,PIEN41,10.5,NA,NA,25,alive
PIEN,PIEN41,11.0,412,NA,25,alive
PIEN,PIEN41,11.5,NA,NA,25,alive
PIEN,PIEN41,12.0,391,NA,25,alive
PIEN,PIEN41,12.5,NA,NA,10,alive
PIEN,PIEN41,13.0,NA,NA,NA,alive
PIEN,PIEN41,13.5,NA,NA,10,alive
PIEN,PIEN41,14.0,368,NA,10,alive
PIEN,PIEN41,14.5,NA,NA,10,alive
PIEN,PIEN41,15.0,357,NA,10,alive
PIEN,PIEN41,15.5,NA,NA,25,alive
PIEN,PIEN41,16.0,347,NA,25,alive
PIEN,PIEN41,16.5,NA,NA,25,alive
PIEN,PIEN41,17.0,338,NA,25,alive
PIEN,PIEN41,17.5,NA,NA,25,alive
PIEN,PIEN41,18.0,331,NA,25,alive
PIEN,PIEN41,18.5,NA,NA,25,alive
PIEN,PIEN41,19.0,324,NA,25,dead
PIEN,PIEN41,19.5,NA,NA,50,dead
PIEN,PIEN41,2.0,662,NA,10,alive
PIEN,PIEN41,2.5,NA,NA,10,alive
PIEN,PIEN41,20.0,316,NA,75,dead
PIEN,PIEN41,20.5,NA,NA,90,dead
PIEN,PIEN41,21.0,312,NA,90,dead
PIEN,PIEN41,21.5,NA,NA,NA,dead
PIEN,PIEN41,22.0,NA,NA,NA,dead
PIEN,PIEN41,22.5,NA,NA,NA,dead
PIEN,PIEN41,23.0,NA,NA,NA,dead
PIEN,PIEN41,23.5,NA,NA,NA,dead
PIEN,PIEN41,24.0,NA,NA,NA,dead
PIEN,PIEN41,3.0,636,NA,25,alive
PIEN,PIEN41,3.5,NA,NA,25,alive
PIEN,PIEN41,4.0,620,NA,25,alive
PIEN,PIEN41,4.5,NA,NA,NA,alive
PIEN,PIEN41,5.0,602,NA,25,alive
PIEN,PIEN41,5.5,NA,NA,25,alive
PIEN,PIEN41,6.0,583,NA,25,alive
PIEN,PIEN41,6.5,NA,NA,25,alive
PIEN,PIEN41,7.0,558,NA,25,alive
PIEN,PIEN41,7.5,NA,NA,25,alive
PIEN,PIEN41,8.0,508,NA,25,alive
PIEN,PIEN41,8.5,NA,NA,25,alive
PIEN,PIEN41,9.0,469,NA,25,alive
PIEN,PIEN41,9.5,NA,NA,25,alive
PIEN,PIEN42,1.0,672,NA,10,alive
PIEN,PIEN42,1.5,NA,NA,10,alive
PIEN,PIEN42,10.0,443,NA,10,alive
PIEN,PIEN42,10.5,NA,NA,10,alive
PIEN,PIEN42,11.0,416,NA,10,alive
PIEN,PIEN42,11.5,NA,NA,10,alive
PIEN,PIEN42,12.0,396,NA,10,alive
PIEN,PIEN42,12.5,NA,NA,10,alive
PIEN,PIEN42,13.0,NA,NA,NA,alive
PIEN,PIEN42,13.5,NA,NA,10,alive
PIEN,PIEN42,14.0,370,NA,10,alive
PIEN,PIEN42,14.5,NA,NA,10,alive
PIEN,PIEN42,15.0,356,NA,10,alive
PIEN,PIEN42,15.5,NA,NA,10,alive
PIEN,PIEN42,16.0,346,NA,10,alive
PIEN,PIEN42,16.5,NA,NA,10,alive
PIEN,PIEN42,17.0,334,NA,10,alive
PIEN,PIEN42,17.5,NA,NA,10,alive
PIEN,PIEN42,18.0,327,NA,10,alive
PIEN,PIEN42,18.5,NA,NA,10,alive
PIEN,PIEN42,19.0,317,NA,10,alive
PIEN,PIEN42,19.5,NA,NA,25,alive
PIEN,PIEN42,2.0,656,NA,10,alive
PIEN,PIEN42,2.5,NA,NA,25,alive
PIEN,PIEN42,20.0,310,NA,50,dead
PIEN,PIEN42,20.5,NA,NA,75,dead
PIEN,PIEN42,21.0,305,NA,90,dead
PIEN,PIEN42,21.5,NA,NA,90,dead
PIEN,PIEN42,22.0,303,NA,90,dead
PIEN,PIEN42,22.5,NA,NA,NA,dead
PIEN,PIEN42,23.0,NA,NA,NA,dead
PIEN,PIEN42,23.5,NA,NA,NA,dead
PIEN,PIEN42,24.0,NA,NA,NA,dead
PIEN,PIEN42,3.0,628,NA,10,alive
PIEN,PIEN42,3.5,NA,NA,10,alive
PIEN,PIEN42,4.0,611,NA,10,alive
PIEN,PIEN42,4.5,NA,NA,NA,alive
PIEN,PIEN42,5.0,592,NA,10,alive
PIEN,PIEN42,5.5,NA,NA,10,alive
PIEN,PIEN42,6.0,572,NA,10,alive
PIEN,PIEN42,6.5,NA,NA,10,alive
PIEN,PIEN42,7.0,547,NA,10,alive
PIEN,PIEN42,7.5,NA,NA,10,alive
PIEN,PIEN42,8.0,502,NA,10,alive
PIEN,PIEN42,8.5,NA,NA,10,alive
PIEN,PIEN42,9.0,467,NA,10,alive
PIEN,PIEN42,9.5,NA,NA,25,alive
PIEN,PIEN43,1.0,577,NA,10,alive
PIEN,PIEN43,1.5,NA,NA,10,alive
PIEN,PIEN43,10.0,360,NA,10,alive
PIEN,PIEN43,10.5,NA,NA,10,alive
PIEN,PIEN43,11.0,344,NA,10,alive
PIEN,PIEN43,11.5,NA,NA,10,alive
PIEN,PIEN43,12.0,330,NA,10,alive
PIEN,PIEN43,12.5,NA,NA,10,alive
PIEN,PIEN43,13.0,NA,NA,NA,alive
PIEN,PIEN43,13.5,NA,NA,10,alive
PIEN,PIEN43,14.0,311,NA,10,alive
PIEN,PIEN43,14.5,NA,NA,10,alive
PIEN,PIEN43,15.0,301,NA,10,alive
PIEN,PIEN43,15.5,NA,NA,10,alive
PIEN,PIEN43,16.0,294,NA,10,alive
PIEN,PIEN43,16.5,NA,NA,10,alive
PIEN,PIEN43,17.0,285,NA,10,alive
PIEN,PIEN43,17.5,NA,NA,25,alive
PIEN,PIEN43,18.0,278,NA,50,dead
PIEN,PIEN43,18.5,NA,NA,75,dead
PIEN,PIEN43,19.0,270,NA,90,dead
PIEN,PIEN43,19.5,NA,NA,90,dead
PIEN,PIEN43,2.0,561,NA,10,alive
PIEN,PIEN43,2.5,NA,NA,10,alive
PIEN,PIEN43,20.0,268,NA,90,dead
PIEN,PIEN43,20.5,NA,NA,NA,dead
PIEN,PIEN43,21.0,NA,NA,NA,dead
PIEN,PIEN43,21.5,NA,NA,NA,dead
PIEN,PIEN43,22.0,NA,NA,NA,dead
PIEN,PIEN43,22.5,NA,NA,NA,dead
PIEN,PIEN43,23.0,NA,NA,NA,dead
PIEN,PIEN43,23.5,NA,NA,NA,dead
PIEN,PIEN43,24.0,NA,NA,NA,dead
PIEN,PIEN43,3.0,532,NA,10,alive
PIEN,PIEN43,3.5,NA,NA,10,alive
PIEN,PIEN43,4.0,513,NA,10,alive
PIEN,PIEN43,4.5,NA,NA,NA,alive
PIEN,PIEN43,5.0,484,NA,10,alive
PIEN,PIEN43,5.5,NA,NA,10,alive
PIEN,PIEN43,6.0,464,NA,10,alive
PIEN,PIEN43,6.5,NA,NA,10,alive
PIEN,PIEN43,7.0,435,NA,10,alive
PIEN,PIEN43,7.5,NA,NA,10,alive
PIEN,PIEN43,8.0,399,NA,10,alive
PIEN,PIEN43,8.5,NA,NA,10,alive
PIEN,PIEN43,9.0,377,NA,10,alive
PIEN,PIEN43,9.5,NA,NA,10,alive
PIEN,PIEN44,1.0,690,NA,10,alive
PIEN,PIEN44,1.5,NA,NA,25,alive
PIEN,PIEN44,10.0,412,NA,10,alive
PIEN,PIEN44,10.5,NA,NA,10,alive
PIEN,PIEN44,11.0,389,NA,10,alive
PIEN,PIEN44,11.5,NA,NA,10,alive
PIEN,PIEN44,12.0,372,NA,10,alive
PIEN,PIEN44,12.5,NA,NA,10,alive
PIEN,PIEN44,13.0,NA,NA,NA,alive
PIEN,PIEN44,13.5,NA,NA,10,alive
PIEN,PIEN44,14.0,355,NA,10,alive
PIEN,PIEN44,14.5,NA,NA,10,alive
PIEN,PIEN44,15.0,347,NA,10,alive
PIEN,PIEN44,15.5,NA,NA,10,alive
PIEN,PIEN44,16.0,340,NA,10,alive
PIEN,PIEN44,16.5,NA,NA,10,alive
PIEN,PIEN44,17.0,333,NA,25,alive
PIEN,PIEN44,17.5,NA,NA,50,dead
PIEN,PIEN44,18.0,328,NA,75,dead
PIEN,PIEN44,18.5,NA,NA,90,dead
PIEN,PIEN44,19.0,322,NA,90,dead
PIEN,PIEN44,19.5,NA,NA,90,dead
PIEN,PIEN44,2.0,674,NA,10,alive
PIEN,PIEN44,2.5,NA,NA,10,alive
PIEN,PIEN44,20.0,319,NA,90,dead
PIEN,PIEN44,20.5,NA,NA,NA,dead
PIEN,PIEN44,21.0,NA,NA,NA,dead
PIEN,PIEN44,21.5,NA,NA,NA,dead
PIEN,PIEN44,22.0,NA,NA,NA,dead
PIEN,PIEN44,22.5,NA,NA,NA,dead
PIEN,PIEN44,23.0,NA,NA,NA,dead
PIEN,PIEN44,23.5,NA,NA,NA,dead
PIEN,PIEN44,24.0,NA,NA,NA,dead
PIEN,PIEN44,3.0,644,NA,10,alive
PIEN,PIEN44,3.5,NA,NA,10,alive
PIEN,PIEN44,4.0,619,NA,10,alive
PIEN,PIEN44,4.5,NA,NA,NA,alive
PIEN,PIEN44,5.0,595,NA,10,alive
PIEN,PIEN44,5.5,NA,NA,10,alive
PIEN,PIEN44,6.0,569,NA,10,alive
PIEN,PIEN44,6.5,NA,NA,10,alive
PIEN,PIEN44,7.0,531,NA,10,alive
PIEN,PIEN44,7.5,NA,NA,10,alive
PIEN,PIEN44,8.0,477,NA,10,alive
PIEN,PIEN44,8.5,NA,NA,10,alive
PIEN,PIEN44,9.0,440,NA,10,alive
PIEN,PIEN44,9.5,NA,NA,10,alive
PIEN,PIEN45,1.0,660,NA,10,alive
PIEN,PIEN45,1.5,NA,NA,10,alive
PIEN,PIEN45,10.0,407,NA,10,alive
PIEN,PIEN45,10.5,NA,NA,10,alive
PIEN,PIEN45,11.0,389,NA,10,alive
PIEN,PIEN45,11.5,NA,NA,10,alive
PIEN,PIEN45,12.0,376,NA,10,alive
PIEN,PIEN45,12.5,NA,NA,10,alive
PIEN,PIEN45,13.0,NA,NA,NA,alive
PIEN,PIEN45,13.5,NA,NA,10,alive
PIEN,PIEN45,14.0,356,NA,10,alive
PIEN,PIEN45,14.5,NA,NA,10,alive
PIEN,PIEN45,15.0,347,NA,10,alive
PIEN,PIEN45,15.5,NA,NA,10,alive
PIEN,PIEN45,16.0,341,NA,10,alive
PIEN,PIEN45,16.5,NA,NA,10,alive
PIEN,PIEN45,17.0,333,NA,10,alive
PIEN,PIEN45,17.5,NA,NA,25,alive
PIEN,PIEN45,18.0,327,NA,10,dead
PIEN,PIEN45,18.5,NA,NA,50,dead
PIEN,PIEN45,19.0,320,NA,75,dead
PIEN,PIEN45,19.5,NA,NA,90,dead
PIEN,PIEN45,2.0,642,NA,10,alive
PIEN,PIEN45,2.5,NA,NA,10,alive
PIEN,PIEN45,20.0,315,NA,90,dead
PIEN,PIEN45,20.5,NA,NA,NA,dead
PIEN,PIEN45,21.0,NA,NA,NA,dead
PIEN,PIEN45,21.5,NA,NA,NA,dead
PIEN,PIEN45,22.0,NA,NA,NA,dead
PIEN,PIEN45,22.5,NA,NA,NA,dead
PIEN,PIEN45,23.0,NA,NA,NA,dead
PIEN,PIEN45,23.5,NA,NA,NA,dead
PIEN,PIEN45,24.0,NA,NA,NA,dead
PIEN,PIEN45,3.0,600,NA,10,alive
PIEN,PIEN45,3.5,NA,NA,10,alive
PIEN,PIEN45,4.0,574,NA,10,alive
PIEN,PIEN45,4.5,NA,NA,NA,alive
PIEN,PIEN45,5.0,542,NA,10,alive
PIEN,PIEN45,5.5,NA,NA,10,alive
PIEN,PIEN45,6.0,522,NA,10,alive
PIEN,PIEN45,6.5,NA,NA,10,alive
PIEN,PIEN45,7.0,496,NA,10,alive
PIEN,PIEN45,7.5,NA,NA,10,alive
PIEN,PIEN45,8.0,458,NA,10,alive
PIEN,PIEN45,8.5,NA,NA,10,alive
PIEN,PIEN45,9.0,427,NA,10,alive
PIEN,PIEN45,9.5,NA,NA,10,alive
PIEN,PIEN46,1.0,674,NA,25,alive
PIEN,PIEN46,1.5,NA,NA,25,alive
PIEN,PIEN46,10.0,405,NA,25,alive
PIEN,PIEN46,10.5,NA,NA,25,alive
PIEN,PIEN46,11.0,384,NA,25,alive
PIEN,PIEN46,11.5,NA,NA,25,alive
PIEN,PIEN46,12.0,369,NA,25,alive
PIEN,PIEN46,12.5,NA,NA,10,alive
PIEN,PIEN46,13.0,NA,NA,NA,alive
PIEN,PIEN46,13.5,NA,NA,10,alive
PIEN,PIEN46,14.0,351,NA,10,alive
PIEN,PIEN46,14.5,NA,NA,10,alive
PIEN,PIEN46,15.0,344,NA,10,alive
PIEN,PIEN46,15.5,NA,NA,25,alive
PIEN,PIEN46,16.0,337,NA,25,alive
PIEN,PIEN46,16.5,NA,NA,25,alive
PIEN,PIEN46,17.0,329,NA,25,alive
PIEN,PIEN46,17.5,NA,NA,25,alive
PIEN,PIEN46,18.0,322,NA,50,dead
PIEN,PIEN46,18.5,NA,NA,50,dead
PIEN,PIEN46,19.0,316,NA,50,dead
PIEN,PIEN46,19.5,NA,NA,90,dead
PIEN,PIEN46,2.0,648,NA,10,alive
PIEN,PIEN46,2.5,NA,NA,10,alive
PIEN,PIEN46,20.0,311,NA,90,dead
PIEN,PIEN46,20.5,NA,NA,NA,dead
PIEN,PIEN46,21.0,NA,NA,NA,dead
PIEN,PIEN46,21.5,NA,NA,NA,dead
PIEN,PIEN46,22.0,NA,NA,NA,dead
PIEN,PIEN46,22.5,NA,NA,NA,dead
PIEN,PIEN46,23.0,NA,NA,NA,dead
PIEN,PIEN46,23.5,NA,NA,NA,dead
PIEN,PIEN46,24.0,NA,NA,NA,dead
PIEN,PIEN46,3.0,618,NA,10,alive
PIEN,PIEN46,3.5,NA,NA,10,alive
PIEN,PIEN46,4.0,593,NA,10,alive
PIEN,PIEN46,4.5,NA,NA,NA,alive
PIEN,PIEN46,5.0,563,NA,10,alive
PIEN,PIEN46,5.5,NA,NA,25,alive
PIEN,PIEN46,6.0,539,NA,10,alive
PIEN,PIEN46,6.5,NA,NA,25,alive
PIEN,PIEN46,7.0,508,NA,25,alive
PIEN,PIEN46,7.5,NA,NA,25,alive
PIEN,PIEN46,8.0,459,NA,25,alive
PIEN,PIEN46,8.5,NA,NA,25,alive
PIEN,PIEN46,9.0,428,NA,25,alive
PIEN,PIEN46,9.5,NA,NA,25,alive
PIEN,PIEN47,1.0,658,NA,10,alive
PIEN,PIEN47,1.5,NA,NA,10,alive
PIEN,PIEN47,10.0,403,NA,10,alive
PIEN,PIEN47,10.5,NA,NA,10,alive
PIEN,PIEN47,11.0,384,NA,10,alive
PIEN,PIEN47,11.5,NA,NA,10,alive
PIEN,PIEN47,12.0,370,NA,10,alive
PIEN,PIEN47,12.5,NA,NA,10,alive
PIEN,PIEN47,13.0,NA,NA,NA,alive
PIEN,PIEN47,13.5,NA,NA,10,alive
PIEN,PIEN47,14.0,NA,NA,10,alive
PIEN,PIEN47,14.5,NA,NA,10,alive
PIEN,PIEN47,15.0,340,NA,10,alive
PIEN,PIEN47,15.5,NA,NA,10,alive
PIEN,PIEN47,16.0,332,NA,10,alive
PIEN,PIEN47,16.5,NA,NA,10,alive
PIEN,PIEN47,17.0,322,NA,10,alive
PIEN,PIEN47,17.5,NA,NA,10,alive
PIEN,PIEN47,18.0,316,NA,10,alive
PIEN,PIEN47,18.5,NA,NA,25,dead
PIEN,PIEN47,19.0,303,NA,25,dead
PIEN,PIEN47,19.5,NA,NA,75,dead
PIEN,PIEN47,2.0,635,NA,10,alive
PIEN,PIEN47,2.5,NA,NA,10,alive
PIEN,PIEN47,20.0,299,NA,75,dead
PIEN,PIEN47,20.5,NA,NA,90,dead
PIEN,PIEN47,21.0,298,NA,90,dead
PIEN,PIEN47,21.5,NA,NA,NA,dead
PIEN,PIEN47,22.0,NA,NA,NA,dead
PIEN,PIEN47,22.5,NA,NA,NA,dead
PIEN,PIEN47,23.0,NA,NA,NA,dead
PIEN,PIEN47,23.5,NA,NA,NA,dead
PIEN,PIEN47,24.0,NA,NA,NA,dead
PIEN,PIEN47,3.0,601,NA,10,alive
PIEN,PIEN47,3.5,NA,NA,10,alive
PIEN,PIEN47,4.0,578,NA,10,alive
PIEN,PIEN47,4.5,NA,NA,NA,alive
PIEN,PIEN47,5.0,555,NA,10,alive
PIEN,PIEN47,5.5,NA,NA,10,alive
PIEN,PIEN47,6.0,532,NA,10,alive
PIEN,PIEN47,6.5,NA,NA,10,alive
PIEN,PIEN47,7.0,500,NA,10,alive
PIEN,PIEN47,7.5,NA,NA,10,alive
PIEN,PIEN47,8.0,457,NA,10,alive
PIEN,PIEN47,8.5,NA,NA,10,alive
PIEN,PIEN47,9.0,425,NA,10,alive
PIEN,PIEN47,9.5,NA,NA,10,alive
PIEN,PIEN48,1.0,683,NA,10,alive
PIEN,PIEN48,1.5,NA,NA,10,alive
PIEN,PIEN48,10.0,398,NA,10,alive
PIEN,PIEN48,10.5,NA,NA,10,alive
PIEN,PIEN48,11.0,378,NA,10,alive
PIEN,PIEN48,11.5,NA,NA,10,alive
PIEN,PIEN48,12.0,364,NA,10,alive
PIEN,PIEN48,12.5,NA,NA,10,alive
PIEN,PIEN48,13.0,NA,NA,NA,alive
PIEN,PIEN48,13.5,NA,NA,10,alive
PIEN,PIEN48,14.0,348,NA,10,alive
PIEN,PIEN48,14.5,NA,NA,10,alive
PIEN,PIEN48,15.0,340,NA,10,alive
PIEN,PIEN48,15.5,NA,NA,10,alive
PIEN,PIEN48,16.0,335,NA,10,alive
PIEN,PIEN48,16.5,NA,NA,10,alive
PIEN,PIEN48,17.0,328,NA,25,alive
PIEN,PIEN48,17.5,NA,NA,25,alive
PIEN,PIEN48,18.0,324,NA,50,dead
PIEN,PIEN48,18.5,NA,NA,50,dead
PIEN,PIEN48,19.0,317,NA,75,dead
PIEN,PIEN48,19.5,NA,NA,90,dead
PIEN,PIEN48,2.0,661,NA,10,alive
PIEN,PIEN48,2.5,NA,NA,10,alive
PIEN,PIEN48,20.0,313,NA,90,dead
PIEN,PIEN48,20.5,NA,NA,NA,dead
PIEN,PIEN48,21.0,NA,NA,NA,dead
PIEN,PIEN48,21.5,NA,NA,NA,dead
PIEN,PIEN48,22.0,NA,NA,NA,dead
PIEN,PIEN48,22.5,NA,NA,NA,dead
PIEN,PIEN48,23.0,NA,NA,NA,dead
PIEN,PIEN48,23.5,NA,NA,NA,dead
PIEN,PIEN48,24.0,NA,NA,NA,dead
PIEN,PIEN48,3.0,625,NA,10,alive
PIEN,PIEN48,3.5,NA,NA,10,alive
PIEN,PIEN48,4.0,600,NA,10,alive
PIEN,PIEN48,4.5,NA,NA,NA,alive
PIEN,PIEN48,5.0,567,NA,10,alive
PIEN,PIEN48,5.5,NA,NA,10,alive
PIEN,PIEN48,6.0,539,NA,10,alive
PIEN,PIEN48,6.5,NA,NA,10,alive
PIEN,PIEN48,7.0,498,NA,10,alive
PIEN,PIEN48,7.5,NA,NA,10,alive
PIEN,PIEN48,8.0,446,NA,10,alive
PIEN,PIEN48,8.5,NA,NA,10,alive
PIEN,PIEN48,9.0,417,NA,10,alive
PIEN,PIEN48,9.5,NA,NA,10,alive
PIEN,PIEN49,1.0,841,NA,10,alive
PIEN,PIEN49,1.5,NA,NA,10,alive
PIEN,PIEN49,10.0,592,NA,10,alive
PIEN,PIEN49,10.5,NA,NA,10,alive
PIEN,PIEN49,11.0,561,NA,10,alive
PIEN,PIEN49,11.5,NA,NA,10,alive
PIEN,PIEN49,12.0,541,NA,10,alive
PIEN,PIEN49,12.5,NA,NA,10,alive
PIEN,PIEN49,13.0,NA,NA,NA,alive
PIEN,PIEN49,13.5,NA,NA,10,alive
PIEN,PIEN49,14.0,515,NA,10,alive
PIEN,PIEN49,14.5,NA,NA,10,alive
PIEN,PIEN49,15.0,502,NA,10,alive
PIEN,PIEN49,15.5,NA,NA,10,alive
PIEN,PIEN49,16.0,489,NA,10,alive
PIEN,PIEN49,16.5,NA,NA,10,alive
PIEN,PIEN49,17.0,479,NA,10,alive
PIEN,PIEN49,17.5,NA,NA,10,alive
PIEN,PIEN49,18.0,471,NA,10,alive
PIEN,PIEN49,18.5,NA,NA,10,alive
PIEN,PIEN49,19.0,460,NA,10,alive
PIEN,PIEN49,19.5,NA,NA,10,alive
PIEN,PIEN49,2.0,826,NA,10,alive
PIEN,PIEN49,2.5,NA,NA,10,alive
PIEN,PIEN49,20.0,453,NA,10,alive
PIEN,PIEN49,20.5,NA,NA,10,alive
PIEN,PIEN49,21.0,446,NA,10,alive
PIEN,PIEN49,21.5,NA,NA,10,alive
PIEN,PIEN49,22.0,443,NA,10,alive
PIEN,PIEN49,22.5,NA,NA,50,dead
PIEN,PIEN49,23.0,437,NA,50,dead
PIEN,PIEN49,23.5,NA,NA,NA,dead
PIEN,PIEN49,24.0,432,NA,75,dead
PIEN,PIEN49,3.0,799,NA,10,alive
PIEN,PIEN49,3.5,NA,NA,10,alive
PIEN,PIEN49,4.0,778,NA,10,alive
PIEN,PIEN49,4.5,NA,NA,NA,alive
PIEN,PIEN49,5.0,754,NA,10,alive
PIEN,PIEN49,5.5,NA,NA,10,alive
PIEN,PIEN49,6.0,733,NA,10,alive
PIEN,PIEN49,6.5,NA,NA,10,alive
PIEN,PIEN49,7.0,705,NA,10,alive
PIEN,PIEN49,7.5,NA,NA,10,alive
PIEN,PIEN49,8.0,661,NA,10,alive
PIEN,PIEN49,8.5,NA,NA,10,alive
PIEN,PIEN49,9.0,624,NA,10,alive
PIEN,PIEN49,9.5,NA,NA,10,alive
PIEN,PIEN50,1.0,619,NA,10,alive
PIEN,PIEN50,1.5,NA,NA,10,alive
PIEN,PIEN50,10.0,416,NA,10,alive
PIEN,PIEN50,10.5,NA,NA,10,alive
PIEN,PIEN50,11.0,396,NA,10,alive
PIEN,PIEN50,11.5,NA,NA,10,alive
PIEN,PIEN50,12.0,382,NA,10,alive
PIEN,PIEN50,12.5,NA,NA,10,alive
PIEN,PIEN50,13.0,NA,NA,NA,alive
PIEN,PIEN50,13.5,NA,NA,10,alive
PIEN,PIEN50,14.0,361,NA,10,alive
PIEN,PIEN50,14.5,NA,NA,10,alive
PIEN,PIEN50,15.0,352,NA,10,alive
PIEN,PIEN50,15.5,NA,NA,10,alive
PIEN,PIEN50,16.0,342,NA,10,alive
PIEN,PIEN50,16.5,NA,NA,10,alive
PIEN,PIEN50,17.0,334,NA,10,alive
PIEN,PIEN50,17.5,NA,NA,10,alive
PIEN,PIEN50,18.0,327,NA,10,alive
PIEN,PIEN50,18.5,NA,NA,10,alive
PIEN,PIEN50,19.0,318,NA,10,alive
PIEN,PIEN50,19.5,NA,NA,10,alive
PIEN,PIEN50,2.0,604,NA,10,alive
PIEN,PIEN50,2.5,NA,NA,10,alive
PIEN,PIEN50,20.0,311,NA,10,alive
PIEN,PIEN50,20.5,NA,NA,10,alive
PIEN,PIEN50,21.0,446,NA,10,alive
PIEN,PIEN50,21.5,NA,NA,25,dead
PIEN,PIEN50,22.0,297,NA,25,dead
PIEN,PIEN50,22.5,NA,NA,75,dead
PIEN,PIEN50,23.0,293,NA,90,dead
PIEN,PIEN50,23.5,NA,NA,NA,dead
PIEN,PIEN50,24.0,291,NA,90,dead
PIEN,PIEN50,3.0,582,NA,10,alive
PIEN,PIEN50,3.5,NA,NA,10,alive
PIEN,PIEN50,4.0,567,NA,10,alive
PIEN,PIEN50,4.5,NA,NA,NA,alive
PIEN,PIEN50,5.0,551,NA,10,alive
PIEN,PIEN50,5.5,NA,NA,10,alive
PIEN,PIEN50,6.0,528,NA,10,alive
PIEN,PIEN50,6.5,NA,NA,10,alive
PIEN,PIEN50,7.0,504,NA,10,alive
PIEN,PIEN50,7.5,NA,NA,10,alive
PIEN,PIEN50,8.0,469,NA,10,alive
PIEN,PIEN50,8.5,NA,NA,10,alive
PIEN,PIEN50,9.0,440,NA,10,alive
PIEN,PIEN50,9.5,NA,NA,10,alive
